{"type": "FeatureCollection", "features": [{"type": "Feature", "properties": {}, "geometry": {"type": "MultiPolygon", "coordinates": [[[[18.107712166207133, 49.13501488324089], [18.108309300154822, 49.13122193242517], [18.116678142014187, 49.12626059456918], [18.122212465546145, 49.11800579198935], [18.113783891312252, 49.11850890872976], [18.110275166801422, 49.11355104314836], [18.115552998446525, 49.090081636505595], [18.111524070624384, 49.08727997549361], [18.096853068608727, 49.067326482765296], [18.09387228670096, 49.06927540860312], [18.091655601224303, 49.067435328601775], [18.090581741903236, 49.062727968910714], [18.095013110553904, 49.058698923075035], [18.08388131577561, 49.05256744548379], [18.08204759549399, 49.046164615822335], [18.078698067318285, 49.04503343310543], [18.076980885908434, 49.04204586600596], [18.07312208094608, 49.041753437733234], [18.070783767689125, 49.037773217208596], [18.055646200576888, 49.031242309402515], [18.05359347110939, 49.03162471117757], [18.057130218553006, 49.028504589578866], [18.05319055343627, 49.03168413630213], [18.03725625935138, 49.02637466784828], [18.029732005335152, 49.026828715815995], [18.02447885380661, 49.02123054669381], [18.01209419335195, 49.0226663539004], [18.007318500739483, 49.02133283043056], [17.99092081697421, 49.02849488537329], [17.97573438646494, 49.02263992901138], [17.95129181315174, 49.02501799638183], [17.945084592971366, 49.02327352071877], [17.935088209846825, 49.02357827844879], [17.92432190936552, 49.0199601366483], [17.9208865107778, 49.01540623992177], [17.913894778667352, 49.01091723356981], [17.91209865835925, 49.00579918312394], [17.914483371498925, 48.99641016862782], [17.912184209133514, 48.99086166205845], [17.903074057277003, 48.98261928617798], [17.89961376558083, 48.96993998997277], [17.903046091629832, 48.96418068341028], [17.898990447790144, 48.95495222642969], [17.888934884545804, 48.944074138168], [17.885318663116895, 48.9276755088009], [17.875871192632996, 48.92590767876499], [17.868904478008, 48.92259477251994], [17.848708585234775, 48.92760381306996], [17.844231637748535, 48.9263996788187], [17.817183858742325, 48.927693247212666], [17.81591920649745, 48.925643291922896], [17.781326087028148, 48.925273830790395], [17.783439526934384, 48.92120698708746], [17.78267381026555, 48.9166888850335], [17.776895930018416, 48.91332680520262], [17.770859804671595, 48.91227099077042], [17.7550975470846, 48.902416979907315], [17.75033816196643, 48.89873824073696], [17.746906366017374, 48.89116941860113], [17.740506776563528, 48.888270959162526], [17.740999992778992, 48.88567247972384], [17.736716712485233, 48.8808350555653], [17.720157990899104, 48.87429646342528], [17.715313118052528, 48.86838975169723], [17.703345136440923, 48.86002077055766], [17.69062632065845, 48.86224423741904], [17.68271412888083, 48.860878088732704], [17.667768192067896, 48.85416778959715], [17.658441375063536, 48.85579338719287], [17.648151872381654, 48.8541893633228], [17.63299056313518, 48.85488741923705], [17.620545962309762, 48.846729905251784], [17.620958286945115, 48.84202140100917], [17.60186179203691, 48.8408956040553], [17.59808509963871, 48.837297127226066], [17.595260174222524, 48.82855400058068], [17.58889709472731, 48.825184009471535], [17.570374871138032, 48.82376922613181], [17.55737879387807, 48.828562472225805], [17.554591355237513, 48.831559064575494], [17.550529093584625, 48.827637576855416], [17.548260998992664, 48.827431682941906], [17.555357071764973, 48.82268740236289], [17.547308795187035, 48.81651229419891], [17.538647826969807, 48.81883204698644], [17.528548711955903, 48.81216659835677], [17.519962876467407, 48.81276186878769], [17.515698858902695, 48.81889259457248], [17.519071311846677, 48.82929658865931], [17.51222819551462, 48.819683908319504], [17.509867340493035, 48.8213124014365], [17.509815378098985, 48.81959723697515], [17.477497750646094, 48.841321570273976], [17.461425262310264, 48.84497780183303], [17.455810986063184, 48.84491113838709], [17.453201736173135, 48.84674034909394], [17.44410717867545, 48.841005965713016], [17.44361142689405, 48.83765882613984], [17.43586976545547, 48.84056391917024], [17.42704446859363, 48.82629794053331], [17.418478533666, 48.82929086844951], [17.409101343260865, 48.82212145544914], [17.402691005452763, 48.820434189182], [17.401268608234304, 48.81680724300489], [17.396864855586585, 48.813320663412966], [17.378471318776306, 48.81918320600068], [17.361330987261223, 48.81351201046619], [17.354187835766723, 48.82201735592468], [17.349728358736243, 48.82309307108927], [17.34703672638812, 48.82633712796012], [17.33069456222512, 48.831702396999404], [17.324759990277173, 48.83624366540144], [17.321675876749495, 48.84529347720037], [17.318015265117097, 48.845764412553955], [17.31298075857181, 48.843343880512805], [17.306018069117144, 48.84358424376835], [17.301807878673742, 48.84521820320823], [17.298299950412105, 48.84944068800347], [17.29065776766716, 48.85065637774931], [17.281798063483343, 48.854243903050055], [17.277485680419897, 48.86044637479529], [17.27165863451279, 48.86176172629405], [17.26391008742476, 48.85976690155641], [17.25990685186896, 48.86045763431093], [17.257574335789354, 48.862182942929934], [17.253508710188637, 48.86219445915587], [17.24575446500806, 48.867685246854364], [17.23221961033325, 48.86830307371096], [17.22518144492799, 48.871564280695004], [17.218057874560042, 48.870661700146904], [17.20200701780309, 48.87814359046257], [17.19308469166363, 48.87506741338176], [17.173665099401745, 48.85809135814881], [17.162000856903898, 48.85337620621765], [17.154122803469523, 48.8448012178], [17.141181014642154, 48.84206079231795], [17.110864623529345, 48.83118696520752], [17.105211800140673, 48.823735540761824], [17.107204186877283, 48.81604168140087], [17.105546058166368, 48.80686736646697], [17.102431301887027, 48.80329874107965], [17.091456480720577, 48.79711971784599], [17.088668630346458, 48.785508541663745], [17.083583277474638, 48.78268469758551], [17.069421406483215, 48.77951741442136], [17.059896924523006, 48.7712358841988], [17.047542119592634, 48.76712467683083], [17.043296461650254, 48.7642521912297], [17.039590279542157, 48.752820078910126], [17.02932704474517, 48.74670125859756], [17.026137984569957, 48.738952554534], [17.01449472354603, 48.72890826102341], [17.012438631935566, 48.718223639501055], [16.997801769110257, 48.70882666990581], [16.99898747886881, 48.69573427438815], [16.9973312307303, 48.69173959207723], [16.98122296551782, 48.68333588873427], [16.976594485235427, 48.675083569883], [16.967886869648208, 48.66855919808483], [16.96698146495239, 48.654960164231014], [16.96963496792781, 48.64599230393853], [16.963191828447165, 48.63958299579235], [16.962766932425442, 48.63308754784172], [16.957597734740755, 48.62828421997498], [16.95672073008538, 48.62383579160956], [16.94720722319728, 48.62172414168702], [16.940206749433813, 48.61653286775961], [16.938124227775695, 48.618480787442365], [16.92765359284942, 48.61911148758608], [16.918768224303072, 48.62242158103901], [16.919069262085028, 48.62668852505969], [16.923993271532286, 48.62916912210091], [16.923029100611824, 48.6312548782695], [16.925826550327514, 48.632189354364726], [16.9253321139711, 48.63548304027933], [16.928425511635364, 48.63862466610564], [16.9204014655771, 48.64554671419141], [16.91949447876869, 48.650010996795004], [16.92324008186552, 48.658230244204645], [16.92332268908143, 48.66955021738883], [16.919084472272502, 48.672878187964], [16.913532669151557, 48.673560474786505], [16.91050200180701, 48.6757058140705], [16.910967561121062, 48.68003630730516], [16.918578316954076, 48.693470148899365], [16.91609457655355, 48.69623146018134], [16.916734163394853, 48.700238327431414], [16.912335232034266, 48.70593783949699], [16.904633294274994, 48.70942959379713], [16.902629233678674, 48.71188832663939], [16.90620278623303, 48.71467264053655], [16.902036712827265, 48.71796675996593], [16.897604529018388, 48.715922206777705], [16.886276908337763, 48.716230540646436], [16.879210020113504, 48.72298906658968], [16.869455793137412, 48.712468123742994], [16.84151814262593, 48.71149247539826], [16.83427356189843, 48.716524756112285], [16.827271180447738, 48.711080864015756], [16.82227485135687, 48.710321980160955], [16.80537537326099, 48.71218014890722], [16.806073863593042, 48.70907644234841], [16.80034850809594, 48.7058937873323], [16.798324571349397, 48.71079732039682], [16.795214361331393, 48.710470566789326], [16.789875318189438, 48.71384096525512], [16.779258343439892, 48.7122600284], [16.778184264368527, 48.714128749331955], [16.7757993713874, 48.71193572146678], [16.76947008722139, 48.714311927359205], [16.763713888023204, 48.718730797753835], [16.759764909031222, 48.71648427060237], [16.757298658267356, 48.716972385605715], [16.758758946448914, 48.71878124462927], [16.753395579303444, 48.72062479775848], [16.74729337579548, 48.73210646934637], [16.737465395370204, 48.73061535732259], [16.73675098512276, 48.729251650011115], [16.734807590420797, 48.73045496528173], [16.736134111150776, 48.73184621613979], [16.732801192189694, 48.73379440314802], [16.72905406805634, 48.73316295981654], [16.72748563079116, 48.73419126903058], [16.72956622842843, 48.735511194782696], [16.72475523986179, 48.73802404460216], [16.70662097162379, 48.737650501338074], [16.704304270359874, 48.73505557449319], [16.70113198337033, 48.73653196010247], [16.688634662707248, 48.729264160249954], [16.682596791542334, 48.72778044161214], [16.680127948238407, 48.733748214155995], [16.673527491317596, 48.74058123149392], [16.68084870192874, 48.750042640239926], [16.67765709514002, 48.76647774101466], [16.674662083800587, 48.77152245959519], [16.663995243909252, 48.77553582020666], [16.66581469898969, 48.77806154908201], [16.66364194679991, 48.778704053139144], [16.663743141161174, 48.781008662719216], [16.65522110382545, 48.782547752934896], [16.65175625639901, 48.785068505150804], [16.641871953633093, 48.78587872480941], [16.633732553846407, 48.785439253335234], [16.630601276459434, 48.78043049340025], [16.628646989568118, 48.78014019216678], [16.617976204298166, 48.78146337376977], [16.609918041258666, 48.78056047918434], [16.59358473597898, 48.78266758810586], [16.59363776173395, 48.78684435434192], [16.58236843842968, 48.792065457791225], [16.56517612271945, 48.793557857236394], [16.555546949446164, 48.80363412293881], [16.540750435621373, 48.81428211276389], [16.53409552535502, 48.8109575041381], [16.53278539986712, 48.807670391017], [16.528085121435964, 48.80550599103891], [16.5290233168947, 48.80403214863667], [16.52495493616444, 48.80072653462689], [16.518635062394353, 48.798244517902894], [16.516141309946434, 48.80264982204549], [16.50005740180458, 48.801226296421675], [16.478341600370413, 48.80205110447412], [16.46447469969541, 48.80988795330024], [16.460411865495605, 48.809025372142386], [16.45903746722786, 48.808080242352865], [16.462817686196775, 48.80629937780221], [16.461016018221592, 48.80584640997042], [16.461894369289084, 48.80463732770699], [16.448697980481704, 48.799376136676614], [16.44669671422262, 48.79563032809265], [16.447908334877305, 48.790768220077425], [16.435763260900334, 48.77819253884051], [16.435234019882493, 48.77657747431546], [16.439269440059455, 48.77431895865654], [16.43499985639068, 48.76562759311647], [16.42747121233656, 48.76208826912473], [16.422802322587643, 48.76202670147837], [16.419250100884266, 48.75918065100033], [16.413550924994496, 48.75392460122523], [16.41490386587895, 48.753370014481014], [16.412573088137467, 48.75161937694362], [16.410298878210725, 48.74329094442364], [16.404334870462623, 48.74052537375795], [16.403576118184652, 48.742144532212265], [16.40057612216719, 48.741073158700345], [16.400454854281527, 48.739372921923916], [16.395189791962853, 48.73635386513541], [16.392273530911275, 48.73913156679986], [16.38877322648327, 48.73906420466756], [16.388631235908033, 48.73557973602427], [16.3830809070533, 48.73323173016798], [16.383877311501614, 48.73074988416982], [16.377998054731552, 48.72846797380589], [16.37736052165537, 48.73097469337337], [16.366462277156906, 48.72804345775846], [16.359768996144112, 48.728066216243526], [16.35984339239339, 48.73091673991584], [16.358210289157984, 48.73005645382594], [16.35144783474749, 48.73364251946009], [16.35667689483235, 48.73850044965202], [16.349742741374257, 48.74216089396574], [16.345555037577153, 48.74096144460539], [16.342818638181864, 48.745619221396545], [16.336230050136923, 48.73230245993087], [16.329886275943533, 48.731245375505424], [16.329637587180382, 48.73253608685131], [16.324577437478325, 48.73188294444123], [16.310961302976573, 48.733628095612566], [16.30228732667045, 48.73954632382433], [16.299018913987737, 48.739715574952186], [16.29663077687609, 48.73766324043695], [16.277900670045966, 48.74151358823897], [16.26832516075227, 48.74133613899813], [16.26305660095057, 48.737007638482645], [16.24870573576795, 48.739626524212284], [16.224136195799602, 48.740056053836746], [16.2044071372958, 48.74293992815911], [16.189002862955626, 48.743264375750535], [16.153970463148458, 48.748789314287706], [16.153250116327953, 48.74524928677594], [16.149888252169855, 48.743194600231774], [16.13927035750419, 48.74540820050573], [16.138939940027885, 48.74275023474548], [16.117975950190935, 48.74669268942125], [16.11717041746383, 48.74825421618089], [16.111777623659517, 48.74728826421138], [16.112034338321507, 48.745875750422805], [16.102687164545845, 48.74541934279074], [16.080493417301536, 48.7497621956652], [16.064918909545753, 48.75461840421402], [16.052837558694318, 48.76102063167074], [16.021031165139966, 48.772064140625496], [15.994365139768407, 48.77933588979615], [15.986546465361782, 48.786032918575906], [15.968438433296573, 48.796966121206616], [15.959575528853406, 48.798449656777315], [15.949630260581163, 48.80525037092918], [15.951987153782978, 48.81392371653387], [15.959887976620104, 48.81979067506298], [15.958382080830274, 48.82306040150045], [15.946718227603746, 48.822512544670616], [15.945572239937446, 48.82361916270401], [15.947914755541515, 48.826682784122866], [15.941828253429211, 48.827726842500844], [15.940248837018576, 48.82710301214254], [15.940426753219, 48.81950352520775], [15.934571232753733, 48.81911297619727], [15.924171962181202, 48.82456169611528], [15.926680817821973, 48.826760550937216], [15.926900066154696, 48.83061083724762], [15.930913572999469, 48.83355998501751], [15.921773049448738, 48.83502022911453], [15.919845585891268, 48.83876624551358], [15.906976372402998, 48.835526542007266], [15.893240013887027, 48.83463569589542], [15.89089704815387, 48.83862319468307], [15.892824069720337, 48.84330545592241], [15.897307971901883, 48.83825173401796], [15.90281349977382, 48.83740619231054], [15.905173527200427, 48.83883720991185], [15.897654455398303, 48.84835687097541], [15.893470773163385, 48.84902070291939], [15.890167587669387, 48.8430841281866], [15.884596932192668, 48.8420094083534], [15.879740367174788, 48.847919519684254], [15.880697927297485, 48.855594072254995], [15.876883838768833, 48.85953013799749], [15.871366025846218, 48.86026430800424], [15.871291219123925, 48.85884372332267], [15.874570722510558, 48.858073948554534], [15.87495867936747, 48.85500796156191], [15.864346540881812, 48.852361890280285], [15.857444041932803, 48.85770757788093], [15.842744555233983, 48.859605810053054], [15.841533310250709, 48.86204121207614], [15.850354847996666, 48.865040982565866], [15.852175303764495, 48.86715362341955], [15.843699207996263, 48.87293362241243], [15.842953717288385, 48.874605733042955], [15.84500727233959, 48.8756948577463], [15.841545673169405, 48.87712441122067], [15.836898680615231, 48.87681724540511], [15.832758544571542, 48.87263658714101], [15.827582419095979, 48.871046657048794], [15.821695616515061, 48.87274349796093], [15.806141242220365, 48.87223538848991], [15.779534554805355, 48.874882679456796], [15.77076055044957, 48.86411536661113], [15.753663647562304, 48.852174134723825], [15.713948396168323, 48.85798449450404], [15.714720027463427, 48.859653205958416], [15.709112849952978, 48.86068322326425], [15.697866566909083, 48.85841700574463], [15.694395875110702, 48.85575078879145], [15.689693405739476, 48.85567502990068], [15.68049144500885, 48.86375649839837], [15.6715573585075, 48.86784996372155], [15.655719590523505, 48.8814380386937], [15.638918650006529, 48.88729433085072], [15.635963778746895, 48.887098342682876], [15.63677104479289, 48.88463583177211], [15.630307407352932, 48.88502249893643], [15.619601037965767, 48.895610761686314], [15.612436634375285, 48.898254950484734], [15.610677787509593, 48.896503631228256], [15.594800873792494, 48.8971062285104], [15.577996313020007, 48.89586147115098], [15.558619869810562, 48.90459696446614], [15.513391149948934, 48.914121888753435], [15.506069977937116, 48.91958457275179], [15.50201221972452, 48.93597381532273], [15.484320710877494, 48.94337317215331], [15.477039580644817, 48.94449744740308], [15.46849094729198, 48.951817462086034], [15.455892300806088, 48.94528541004292], [15.450510385210123, 48.94979668641873], [15.443887842740008, 48.95101375430136], [15.434884532437563, 48.949930190379916], [15.424754819537958, 48.95160714302407], [15.412769629750253, 48.95634386635982], [15.403398613708633, 48.963439644890826], [15.392835416121, 48.965616329642785], [15.38902887039355, 48.972545313044584], [15.375524587615406, 48.97700797164727], [15.366974427709911, 48.981883452722805], [15.3574555642635, 48.98215379835993], [15.348382942535613, 48.98477717415402], [15.336048901601428, 48.98323049599153], [15.332228894086585, 48.984826177156044], [15.321732761395879, 48.97612981834528], [15.312094812164897, 48.98075295440678], [15.305693300958483, 48.977917806351236], [15.291027773264373, 48.98431843335899], [15.293675457911661, 48.98907895192431], [15.289985096145491, 48.992460872073245], [15.278874416558539, 48.994658189734785], [15.275779157082074, 48.985836822838465], [15.2818278782319, 48.980749389192965], [15.281374191349126, 48.97936232792746], [15.27188556820683, 48.966388962067114], [15.266694878387314, 48.96664026140665], [15.265365755125144, 48.964042081349106], [15.267265680042057, 48.96387520639016], [15.269073706331973, 48.95827300570603], [15.268400805716391, 48.95702734632074], [15.261928637820388, 48.95759139821618], [15.261617460307882, 48.95364737473838], [15.246400968753647, 48.95951235703072], [15.240824234112667, 48.959398376484074], [15.238518464045471, 48.95754143204712], [15.224445320947309, 48.96014380458737], [15.212790650894537, 48.956875761075715], [15.209563880350187, 48.95752829720572], [15.205305501879044, 48.95349659702924], [15.200017633882986, 48.95220881501115], [15.19028833177544, 48.943284104659085], [15.177011747376822, 48.94769405065379], [15.170177891779911, 48.9430372330791], [15.165714703561147, 48.94397714722277], [15.160243143299947, 48.94169025764256], [15.159129396079305, 48.945062133920494], [15.155381077502678, 48.94613798433879], [15.161730707944127, 48.95307089322831], [15.1624300562572, 48.957335347022365], [15.166866622071943, 48.95857710740129], [15.169784987329065, 48.96225227322496], [15.165577153052876, 48.969917076592886], [15.159460340089757, 48.97210105041919], [15.163142493480818, 48.9755335571102], [15.162038058870035, 48.97771004435298], [15.15318683336874, 48.97891121954283], [15.151084128919367, 48.98094664634185], [15.152967709885518, 48.98451269175083], [15.157522903150335, 48.98483169441053], [15.158633020114376, 48.989913625953434], [15.156271566319711, 48.99329068403605], [15.136799964012722, 48.99764433779179], [15.132766475117844, 49.00069461200348], [15.129039513586228, 48.99750482796547], [15.125564279867204, 48.998966611946535], [15.121917822072744, 48.99725099492434], [15.11415536928388, 48.999332902581976], [15.108154794494492, 48.99912980781784], [15.102565025416899, 48.99384163501797], [15.09202198666628, 48.996949046110444], [15.064842001187563, 48.99958619331274], [15.064411987067853, 49.00430231002316], [15.067283573692416, 49.00624480192859], [15.06431651883101, 49.01213336318736], [15.065425512833784, 49.01422057632153], [15.054294088652888, 49.01555820534141], [15.040813813403659, 49.01148769200902], [15.028315005093628, 49.01555026179928], [15.0256023199914, 49.018758110990724], [15.020542830371484, 49.02052945576643], [15.014115197198242, 49.01772659410442], [15.011456710103438, 49.01435418528998], [15.00302861899361, 49.011490598474744], [14.995917132091058, 49.01508667313653], [14.990438171816036, 49.0096536521027], [14.994995756886414, 49.005352510979236], [15.000790120775164, 49.00372023865976], [14.99506256673328, 48.993248986516356], [14.997821095528955, 48.99196182271816], [14.991160781780865, 48.98915416384395], [14.991595437925264, 48.988041238460724], [14.984519718167597, 48.986586730160774], [14.98045059811682, 48.981001306637076], [14.980960834012548, 48.978108490114316], [14.978418097512357, 48.98044353761398], [14.978514342187347, 48.97446173954756], [14.976193556372863, 48.97100666705452], [14.977814595963336, 48.96053580603268], [14.976489819385092, 48.95582616341519], [14.980589719756752, 48.94392559121715], [14.984647435302133, 48.94152837046174], [14.983344252993502, 48.94037836845486], [14.986520488115696, 48.93592387436387], [14.983696543119185, 48.932477203906835], [14.979426685280083, 48.93130116275384], [14.979021225873076, 48.928038239660026], [14.98490606336644, 48.92446201208625], [14.985938188357162, 48.91948416424821], [14.990016829431543, 48.9158789993206], [14.992918224917267, 48.90371199405233], [14.99155378932388, 48.89731144232799], [14.987253650818552, 48.89566152289995], [14.988912190557057, 48.89101775005244], [14.9834635423161, 48.89095725828867], [14.983822630306522, 48.874746110034216], [14.97293758538174, 48.87465442356301], [14.9733615148372, 48.85307535845893], [14.97773293135436, 48.85312523486237], [14.978207803701359, 48.85068761794331], [14.984452436366217, 48.846015463827875], [14.984523650035811, 48.84239080626401], [14.972061444283584, 48.84227037014257], [14.971884084106335, 48.83931419671175], [14.968282199637748, 48.83684082479633], [14.9674708850582, 48.83085246766973], [14.969735942951965, 48.82390516235008], [14.958204166888002, 48.81392951894809], [14.957402958654491, 48.81067219094925], [14.960506813803725, 48.80452594138014], [14.955302060002557, 48.801358923047545], [14.957350013148925, 48.799492309837895], [14.953295864110995, 48.79566951008796], [14.955636611038193, 48.792753204592444], [14.953256328071705, 48.78978423444076], [14.96002342714766, 48.786609419484435], [14.973685471017994, 48.78323800714245], [14.9788971599759, 48.780173653098466], [14.98014097024704, 48.779160617928554], [14.978043439288639, 48.776441953229046], [14.980832328919274, 48.77528563984846], [14.979500000071374, 48.772260850182796], [14.975550528039403, 48.76883391423151], [14.970163267528072, 48.767174818894], [14.967960137818412, 48.76401244181842], [14.960747907375156, 48.76230190570947], [14.955790450410142, 48.75808607036414], [14.952259901746245, 48.761749858451005], [14.95042183806045, 48.76076659128416], [14.948178631424382, 48.76290377903593], [14.940099378236011, 48.76129702925452], [14.9318899946817, 48.76655966906164], [14.919031743103531, 48.76844673825594], [14.917717141233176, 48.76984311351397], [14.9118381605283, 48.76705031646445], [14.906205256350908, 48.76699997770676], [14.89636266895674, 48.772284633045494], [14.892966724582791, 48.77239214830745], [14.888092355419298, 48.77007764042435], [14.884746035773942, 48.771893779850096], [14.88613324489492, 48.77644538393567], [14.881292538741214, 48.78010922405667], [14.868267795782385, 48.78105037827851], [14.863178388400923, 48.77729478642424], [14.857697472146187, 48.77720655868961], [14.85874987345075, 48.77597102874549], [14.857157382368895, 48.77578079140309], [14.851135416397016, 48.77730566102909], [14.848886578457227, 48.78040095579709], [14.845968157900174, 48.77944915568388], [14.842536304974587, 48.783969520190595], [14.840292382267524, 48.78202776136112], [14.829283439337068, 48.7804888172821], [14.82552679316888, 48.783849864826564], [14.820206194107552, 48.78126485142747], [14.808659978205547, 48.77880144360853], [14.80989083759433, 48.773949692359814], [14.806283740806277, 48.77171894293297], [14.810875769016086, 48.76715469726685], [14.811499700621532, 48.76144971284014], [14.80305125880371, 48.75269388328104], [14.800493691435369, 48.74738757792739], [14.808132002465888, 48.73388261547278], [14.801717452181228, 48.731687206321936], [14.801116184407514, 48.73295957611585], [14.794369302163862, 48.72982019812325], [14.790695947518033, 48.72365866194642], [14.787022262763543, 48.72224045628044], [14.785564296574863, 48.7183382949946], [14.774038940366703, 48.71164170249455], [14.757045349581153, 48.709330398141645], [14.755384855408238, 48.703228714761494], [14.748261015651966, 48.703222543971854], [14.736566282442208, 48.698932241254234], [14.726967662357065, 48.68706933201163], [14.727016842841765, 48.67871896974584], [14.718245326266773, 48.66609194074462], [14.712341130494828, 48.650097841531576], [14.718526884951242, 48.649164476681804], [14.719197620519012, 48.640189554981454], [14.72215510193015, 48.63843578654811], [14.714094099363972, 48.617448692359865], [14.721136988145291, 48.60237933475733], [14.711412517070201, 48.59664246451702], [14.711602683344958, 48.59413282532082], [14.708110630517163, 48.59358647360575], [14.705997407478616, 48.59089675161798], [14.707716572215663, 48.58705275752685], [14.70152851689627, 48.58269285868437], [14.693572463106529, 48.58538654882771], [14.69153423543354, 48.58407228017659], [14.691255269825716, 48.585180516919564], [14.687730628301255, 48.585101415678295], [14.682528207034748, 48.58267371018765], [14.663459682507915, 48.58195941909306], [14.653797449652375, 48.60433679670058], [14.645688922520261, 48.61005752893639], [14.630690060911151, 48.60317164434683], [14.626369406475305, 48.604508979044915], [14.622656895468024, 48.6089071037916], [14.621595068888311, 48.615600652000964], [14.617753590863446, 48.62192234529833], [14.610474696776365, 48.628106210749], [14.603137625295009, 48.62809507920642], [14.602400416185182, 48.62559257179043], [14.599036052619804, 48.62533701713293], [14.595833450369089, 48.620633188146044], [14.590084566916898, 48.61728611114458], [14.580895242826328, 48.61690051899096], [14.575638628242938, 48.61113266326471], [14.57227415006401, 48.611682792578954], [14.568540487528418, 48.610687016917296], [14.567249269109187, 48.608562801835554], [14.56402139169879, 48.60840547388738], [14.562057531877345, 48.603330144469425], [14.557049375693909, 48.605957935796], [14.553540785840612, 48.60583111275912], [14.551284119597803, 48.611229877153306], [14.546566547077, 48.614600627016095], [14.54562041256416, 48.613687019060414], [14.526418448102964, 48.61474189485785], [14.520472742318114, 48.61876228118266], [14.515631816569721, 48.619852866883306], [14.503290457549658, 48.61736783356118], [14.495091287027092, 48.62248500424607], [14.495904868750737, 48.62780661322589], [14.493000452043853, 48.63292308505372], [14.48518619586927, 48.63424907875045], [14.476580892028604, 48.63948100679608], [14.475477764401544, 48.64161122275214], [14.477642562181066, 48.64259881684134], [14.472538661599504, 48.64401759592014], [14.469871623994166, 48.648495137459065], [14.468572713951675, 48.6462106248096], [14.459138902559502, 48.643328295850246], [14.453257052760861, 48.64472164028816], [14.443761485085421, 48.64343051257097], [14.445585162739905, 48.63778888880753], [14.452500737923371, 48.631931041315475], [14.45604937350339, 48.625140400061966], [14.451903346357936, 48.62471609303205], [14.447304767995648, 48.619809454006216], [14.44830707634007, 48.61298350201274], [14.442206868328409, 48.60021857875716], [14.435477105651067, 48.5980453021955], [14.43141425600733, 48.58913236535542], [14.424788950893564, 48.588333687468136], [14.420011298516311, 48.5912820710921], [14.412149454455406, 48.592791518888745], [14.407271736485939, 48.59201568437436], [14.403916479161111, 48.59334818617973], [14.395851250241117, 48.59202893839499], [14.39192287263896, 48.59430115064621], [14.386244329205438, 48.59267379151081], [14.387738349322923, 48.58323832333429], [14.39145923456449, 48.582107974114194], [14.39104277469669, 48.57911765619685], [14.393591721496753, 48.578661063106686], [14.388082686458576, 48.57188175201012], [14.379682655626672, 48.569265227491364], [14.371267471071004, 48.569550991925816], [14.368496566718607, 48.56983093574736], [14.365848639102666, 48.57584141241271], [14.357674299255265, 48.574647986695375], [14.352408343383201, 48.568892938630114], [14.353123730209633, 48.56247374207055], [14.348113726278951, 48.561876853854486], [14.344692439062843, 48.55990755388064], [14.34269366706549, 48.55481371841256], [14.336729720420193, 48.5541633466602], [14.333236985895686, 48.551809321818716], [14.327115193421296, 48.55407442196134], [14.324333513914953, 48.56424409077017], [14.321557187562107, 48.562955189473605], [14.315312808142394, 48.563372242819185], [14.309026358261448, 48.56440982714882], [14.304394373974214, 48.56722036284459], [14.295602546300966, 48.56806880412266], [14.278852686138485, 48.574234147407935], [14.271548208280908, 48.58137424849833], [14.255854579405312, 48.58159671628508], [14.24946924416585, 48.580155465244424], [14.24823071689432, 48.578116790114024], [14.240566868471193, 48.577650898725196], [14.23731153108554, 48.581339458437114], [14.228198325145545, 48.585215949080315], [14.208014144287928, 48.58814979954733], [14.204716181256204, 48.59040857774181], [14.201333904482835, 48.58999542388518], [14.194387830265, 48.59272907033172], [14.181726526527315, 48.59390164553793], [14.17725046348006, 48.59269491175861], [14.177486914328114, 48.5911058163463], [14.163529424532419, 48.58923601124658], [14.162818820363817, 48.59264469284881], [14.158055901345534, 48.59233370756715], [14.154458310962218, 48.59587870288324], [14.141881554729743, 48.59374750274379], [14.130191408884299, 48.59775907609302], [14.123762987624088, 48.59297262746978], [14.12005830941531, 48.59296234632747], [14.119174416887324, 48.59059515111487], [14.115838956867815, 48.58916033224731], [14.105721567128732, 48.58957074602973], [14.095577944555396, 48.59223863392677], [14.098263240446954, 48.597778003298025], [14.097087182205799, 48.5998371450323], [14.0722467162726, 48.599875959519636], [14.066965057132789, 48.59485924881262], [14.066172501790257, 48.60106769403252], [14.069422300707146, 48.604509960615836], [14.068997426973459, 48.60697466424456], [14.061038658266682, 48.60647147352436], [14.054240059085828, 48.60413249256927], [14.050812454037114, 48.60768427380334], [14.051554379163672, 48.60948865348616], [14.042151215454798, 48.61286630220409], [14.043677388339546, 48.61399246364258], [14.040898952187723, 48.61741819205036], [14.04567542377961, 48.619059902782716], [14.04545134000828, 48.62350813589446], [14.048136181785193, 48.627367349261085], [14.042447498107283, 48.62898850836022], [14.028694794934713, 48.626163245171576], [14.030184980105362, 48.62874547619981], [14.022974082134626, 48.63071261189069], [14.02335134720778, 48.632364167985656], [14.018257147186377, 48.63689836396336], [14.010560659173093, 48.63965447192675], [14.02285462447354, 48.64556138280408], [14.024185801201813, 48.65265745180922], [14.040624639158393, 48.65474761390599], [14.05352531265418, 48.652925942295944], [14.05847815013576, 48.658939340647045], [14.060080846256408, 48.67332142944404], [14.055848331691317, 48.67554878846906], [14.049810626412393, 48.675134480767746], [14.043351616333807, 48.67749569477963], [14.038873135095242, 48.67611286182486], [14.037092731226073, 48.677446470308475], [14.034159700794207, 48.67698498787921], [14.033491346161343, 48.67970634270526], [14.024558367867632, 48.683393994424165], [14.028670303643366, 48.685381398132215], [14.025370795348794, 48.689087293020805], [14.016169361979422, 48.69189157664592], [14.018172193718742, 48.69624289815375], [14.015045762010669, 48.69772770166931], [14.012658342887853, 48.69489470481754], [14.009937742191067, 48.69536617641707], [14.013359453592935, 48.698426629998046], [14.008759375810335, 48.70228691363846], [14.009837804516218, 48.7048092542375], [14.005342342212804, 48.70607807131306], [14.003280759550528, 48.708582938770824], [13.984107240321075, 48.71085810933608], [13.9782495312755, 48.70976541842531], [13.970471763436947, 48.71316481039368], [13.955806255370746, 48.714452100504836], [13.95368970180022, 48.720731489691545], [13.944163258009477, 48.72244640035975], [13.942792844729246, 48.721413484754436], [13.939155208453357, 48.72323191167456], [13.93716681009928, 48.726034711109996], [13.927138538084046, 48.73177405161125], [13.92572819486072, 48.73563110148971], [13.920845262040844, 48.7370214765151], [13.919733990964032, 48.74077960443936], [13.910199783513871, 48.74748708582217], [13.904511794878818, 48.74985246734817], [13.895468966042532, 48.75707872120502], [13.889209877787618, 48.75846555130612], [13.876115754779637, 48.76660422071649], [13.868410030744508, 48.769622844637055], [13.86187124790747, 48.76953386522941], [13.857307571478678, 48.771280777602925], [13.84847237965857, 48.76977192721165], [13.84322588674477, 48.772563753197836], [13.831394264297417, 48.77079107745536], [13.813178407006912, 48.77399739673254], [13.803392317228695, 48.780822297852495], [13.808225294677072, 48.783423351229494], [13.815233080537991, 48.79708801347943], [13.795581402572218, 48.81484659301081], [13.798332751355042, 48.81728083640622], [13.794566464612142, 48.82164993246536], [13.788176097622983, 48.82484328088292], [13.79294078315974, 48.830113165619686], [13.778472178331187, 48.832277630576904], [13.773866536163286, 48.830395169187675], [13.769863749185904, 48.83077722873314], [13.764422682352915, 48.834475168355134], [13.765639304574345, 48.837594155758374], [13.762786577920908, 48.83941395783794], [13.754874773618303, 48.85499864227852], [13.749439236993659, 48.85964704998264], [13.750600721200662, 48.86682087661482], [13.747138428817177, 48.86928372108733], [13.743630742067799, 48.875857472638764], [13.737286223906755, 48.87933290539854], [13.737931607557101, 48.886013896939176], [13.730555280868495, 48.8871131184819], [13.72508415546691, 48.881299574134424], [13.716867307956171, 48.87813062161538], [13.702228253960305, 48.88171250003638], [13.689263603971444, 48.878226919135834], [13.684210522296118, 48.87995257029418], [13.675941216623947, 48.87873193988977], [13.671436620154738, 48.88013966522217], [13.668009623786542, 48.88786780555064], [13.66964247383643, 48.89051132167474], [13.66124371435914, 48.89441240987006], [13.65547860480681, 48.89357160053923], [13.645350699798541, 48.911228059780264], [13.63802200048282, 48.91922390144837], [13.638022919857091, 48.92568768238357], [13.62249163684906, 48.93880261915307], [13.623839763335996, 48.94221467835597], [13.631232045397153, 48.94702954925091], [13.63039734101976, 48.94786089260451], [13.627804527646617, 48.94944834623061], [13.62157801827684, 48.9489830399108], [13.613939676248698, 48.9443283859798], [13.609853848253254, 48.94445840074663], [13.607756036510438, 48.94152228362577], [13.610144960552999, 48.94025718821606], [13.610687187592262, 48.93907919455009], [13.610248859976462, 48.9386201455406], [13.597819178085489, 48.946008968155354], [13.590343710288547, 48.95296900640256], [13.589240869958626, 48.95629425389808], [13.592886291154086, 48.96113498400316], [13.585855915772775, 48.96803890992963], [13.580080934589622, 48.97073696046238], [13.575969146703077, 48.97015989348509], [13.572725438904683, 48.966016585759775], [13.563239146480758, 48.970494884469474], [13.557135805174008, 48.96706557235536], [13.548059729409848, 48.9668758480109], [13.543367105695125, 48.96802136194809], [13.53700482070036, 48.97339695446349], [13.533738627930783, 48.97395757537227], [13.529277135143493, 48.9740464805392], [13.515891814850125, 48.96873965075568], [13.507073562761253, 48.969110438928126], [13.505864171798349, 48.959909634957256], [13.508277436296842, 48.94213513996315], [13.497848522399636, 48.94125867568279], [13.487557035914584, 48.94577740386943], [13.48347203449278, 48.951352724629906], [13.46653787694203, 48.95583173387713], [13.459260096003769, 48.96266723817065], [13.44298670101932, 48.96582863132942], [13.433538134414636, 48.97168029403583], [13.426187201793587, 48.97248894288456], [13.424390217993412, 48.97740443798218], [13.402726147779482, 48.98721992759815], [13.402270493477404, 48.99443650822117], [13.409415888614625, 49.00321682695705], [13.408396003303883, 49.007552794507404], [13.402981798170282, 49.01063333129449], [13.400289050295093, 49.015669117411875], [13.401812232021893, 49.02096266826421], [13.405093289320773, 49.021947449731684], [13.4058316269606, 49.02384271128989], [13.401870770968968, 49.02895876137457], [13.39966276548129, 49.037064622967584], [13.391675328294841, 49.0421442819418], [13.396959738327599, 49.04421191572875], [13.39737329871707, 49.050657849391015], [13.39217836393083, 49.05434007296293], [13.386345674236681, 49.05281503683692], [13.383586465326813, 49.057352854026966], [13.379032176818225, 49.05697591275039], [13.37621954087047, 49.058259014390885], [13.370494291132077, 49.0674542508015], [13.36687612297117, 49.06932243382456], [13.363797731489685, 49.06906101499442], [13.354523697906776, 49.07866248546145], [13.346415150948484, 49.08205343713722], [13.344185023140556, 49.08888869694022], [13.339305579150091, 49.09018648004808], [13.336067475108802, 49.093800934234054], [13.327712802704479, 49.09608569538813], [13.324280118600917, 49.100331218660536], [13.316660557522985, 49.10421178464622], [13.31271615018897, 49.10449041935175], [13.289184326550275, 49.118632325860695], [13.276404891423164, 49.120476039771916], [13.236061576375306, 49.11371289310507], [13.205533598518043, 49.12217653953916], [13.18277794967969, 49.1344817797674], [13.170296266592207, 49.144001628541226], [13.176901419116094, 49.16422723293065], [13.170899310447568, 49.17361998401295], [13.161752244142681, 49.17478510280389], [13.148626707474396, 49.18201584355925], [13.14179667074486, 49.18966406126108], [13.137300167798763, 49.1907484713755], [13.129351138696805, 49.19688564954527], [13.117199079251264, 49.19917667722463], [13.109888975894364, 49.20312596588468], [13.114380890160977, 49.21353208738675], [13.114178665702646, 49.218253962299734], [13.101631172122428, 49.22352155597425], [13.093237665036881, 49.22529490498862], [13.0862130720536, 49.229117127908054], [13.088637789819032, 49.23144158109699], [13.08838145654108, 49.23759452338565], [13.080815515399152, 49.24740529020902], [13.072769648282977, 49.24635598606119], [13.06821946024303, 49.24746087810294], [13.067607950383406, 49.24978187712893], [13.060406551765839, 49.25020329498854], [13.056717640008022, 49.25665101581177], [13.058282174026253, 49.26022199054535], [13.055321506259176, 49.26392231291993], [13.050158756340634, 49.26489989607144], [13.047268550208603, 49.26363812977319], [13.043098938304082, 49.26497737832781], [13.033983858486481, 49.26392612093216], [13.02553791169902, 49.2787601372411], [13.0304180248807, 49.287584656244384], [13.029113571075648, 49.30432492318838], [13.007401173648626, 49.30591903920291], [13.00418482972199, 49.3120653630431], [12.990688484318172, 49.31944325669772], [12.988625857002607, 49.32379196559938], [12.978747122462545, 49.32850527401123], [12.972629231580779, 49.3338597093878], [12.963998484789371, 49.3371133194196], [12.958437359993354, 49.336739912304594], [12.950034552022649, 49.34290713171486], [12.945286568370774, 49.34379211534059], [12.94278669317891, 49.34416048508259], [12.939020399940906, 49.342249125071845], [12.929175805362842, 49.34481046889462], [12.919322556052661, 49.343441946891474], [12.901391515971603, 49.34962710494497], [12.880010645226339, 49.350402705329124], [12.880990563625302, 49.34350520468198], [12.88528750051309, 49.340372110517734], [12.88886739560442, 49.33342069468836], [12.886847699168362, 49.332346526504516], [12.87691422892223, 49.33247385270105], [12.859351738927794, 49.33881537882252], [12.85339059285647, 49.338117390576905], [12.847683174236183, 49.34442595264831], [12.843490744012922, 49.34508587228446], [12.842891734224546, 49.34234057044001], [12.837238374818797, 49.340726733060436], [12.803088347569531, 49.34162324103008], [12.785782105701772, 49.345460210017784], [12.77870379489334, 49.34815468626345], [12.778637367293754, 49.355240140541746], [12.782362722099036, 49.359210312432886], [12.781284782489665, 49.360406286690235], [12.777136179376345, 49.363961290867884], [12.768427412495353, 49.36537010588873], [12.758073257480184, 49.37523645426103], [12.761101490910637, 49.38252745539697], [12.757668266340437, 49.39479840622071], [12.733041005306173, 49.40987179608728], [12.714813536884423, 49.414128151860524], [12.713640153627564, 49.41977777730566], [12.708703078448243, 49.424756165778106], [12.679370699740511, 49.4260922743384], [12.655551297224047, 49.43479546138564], [12.658235479947189, 49.44035433644748], [12.655501712517736, 49.44865425358821], [12.657976692801158, 49.4503342219402], [12.652997793183445, 49.46026329681851], [12.648547305606893, 49.46828296680051], [12.64169995711786, 49.4698958217535], [12.637095777673313, 49.47596289076737], [12.63364778081884, 49.47614862188133], [12.638497509555988, 49.48312169431305], [12.642896023838624, 49.483465770950865], [12.644213715272214, 49.484914517449035], [12.643860011257408, 49.49439251364393], [12.63942885481524, 49.50068171073442], [12.643878602941976, 49.51041761388485], [12.642137687242952, 49.517864298573215], [12.644194974059884, 49.52296212474752], [12.636107776029213, 49.531978654121836], [12.630600915286802, 49.53106231251005], [12.628593430369786, 49.52700127530304], [12.620769217655203, 49.52658095651553], [12.618967893110629, 49.5293074610528], [12.614527605432851, 49.52842605093373], [12.612042337121675, 49.53052760017347], [12.602135643624434, 49.532424515987664], [12.588540114921031, 49.53847288393175], [12.594914598851338, 49.54171996547081], [12.587865106497052, 49.545774213410226], [12.580388840258022, 49.55566848871774], [12.574347179240728, 49.55913181643138], [12.574216030617585, 49.564402593360455], [12.570784375916586, 49.569378889310144], [12.576677730547035, 49.58634106782008], [12.564078405869084, 49.596759482653404], [12.562276411999507, 49.609012569829304], [12.55694094332595, 49.614279757949966], [12.560741182526213, 49.61960477181409], [12.545783489883988, 49.62125678065994], [12.53605285450902, 49.61790292114907], [12.52810251513991, 49.61809791037431], [12.526911939026967, 49.622252846527765], [12.532643892551269, 49.623905102945486], [12.534283995955512, 49.62608050982371], [12.52841698562801, 49.62639489072872], [12.52316025621828, 49.628497721621564], [12.522594573307122, 49.63379585378074], [12.528135931653956, 49.63773662447348], [12.528566062380309, 49.63995832067628], [12.525086525718566, 49.64209330999922], [12.518284477378733, 49.6430921990514], [12.517246372099939, 49.64540063859681], [12.52617179477829, 49.65434559840591], [12.52313178108263, 49.655829451425724], [12.52249701245022, 49.66067751641492], [12.529972130904424, 49.666081645530745], [12.522577446822194, 49.67684155415708], [12.521985296561931, 49.686439765764554], [12.51467792349077, 49.68784216350618], [12.505248228682225, 49.68517632493039], [12.500201585074768, 49.68643219738246], [12.491379828461108, 49.68601260881997], [12.485126231297198, 49.68787085261388], [12.484046388930858, 49.69398788129062], [12.457327031570896, 49.702021664883496], [12.452977635831965, 49.701087226395344], [12.44244974014442, 49.70381580592107], [12.43292817941354, 49.717956368419436], [12.429375140477672, 49.720144125953425], [12.425695728223564, 49.73056275609813], [12.413207063554802, 49.73220599834208], [12.412547683092267, 49.735884560909085], [12.405798054349123, 49.74029883106618], [12.404297405322367, 49.74567609735284], [12.405706313830706, 49.74819346701974], [12.40055302403477, 49.75380012055215], [12.401613310095073, 49.75937503482226], [12.404759456508899, 49.762780166659844], [12.469326280827861, 49.78714371504356], [12.472648773571125, 49.78610634533545], [12.474183231945133, 49.79199460484183], [12.469769248115878, 49.792360216871735], [12.465424982203514, 49.795113236608614], [12.47054983829305, 49.79952004040957], [12.470498957978013, 49.80232399871303], [12.46400433672399, 49.81004744592777], [12.467258138683667, 49.81305970345092], [12.473362127870288, 49.81509662436047], [12.476292143535069, 49.824864516712516], [12.47305444655509, 49.833667278606455], [12.48323541926181, 49.841931934208375], [12.497976851550742, 49.83752403989687], [12.497861893547256, 49.85693349781781], [12.507694080997808, 49.85760344517723], [12.512076624969637, 49.859399638382676], [12.518572472160887, 49.86906774328024], [12.51872852892799, 49.87714999356176], [12.52160585886476, 49.881688733377835], [12.535461662364353, 49.890805315337786], [12.539874788837887, 49.89123107812299], [12.550026916124201, 49.90153409685968], [12.551205483554746, 49.90930412193951], [12.547672862617963, 49.92049261119446], [12.538549959399564, 49.9248383268636], [12.503774012239573, 49.9296277158041], [12.498291526090126, 49.93248603754772], [12.49299141980009, 49.93316213401531], [12.494315306661822, 49.936788131303544], [12.47833368015102, 49.93553363247088], [12.474928778472822, 49.93851889944942], [12.469988238586533, 49.94832079493818], [12.478175344267441, 49.95672324227076], [12.481573714069421, 49.958292300391726], [12.490557337023933, 49.9585915337308], [12.494021319422853, 49.969860521460404], [12.49955645309765, 49.972045528023045], [12.48995685871371, 49.98159933585591], [12.476608207443068, 49.98074015341692], [12.475438609241497, 49.983812829147915], [12.4684796132737, 49.989414624738515], [12.470043310016877, 49.990910542869365], [12.460734435334313, 49.9948712059062], [12.453826407511164, 49.99348283956699], [12.453589187408692, 49.99166225859426], [12.440720258368694, 49.98641451933856], [12.43147565936398, 49.98438789471819], [12.431359862260905, 49.98856953903125], [12.425679948739454, 49.990986656649376], [12.435298866392174, 49.99350019489595], [12.435269757154806, 49.99841863628957], [12.431982585471745, 50.000189906655386], [12.431646765620277, 50.0025066534807], [12.424338506094418, 50.0003009923663], [12.414543101472812, 50.00459104040883], [12.402132789086615, 50.004987796082446], [12.402289456171827, 50.0077276092141], [12.39739214656267, 50.00885011248396], [12.402780844246701, 50.0131219435502], [12.400430245585191, 50.01502064037164], [12.386595128076511, 50.01247337505182], [12.379701223916097, 50.0138839221571], [12.378654757719806, 50.01909627195783], [12.367491097814467, 50.01742273372316], [12.36569604995466, 50.022762485833354], [12.357375877235656, 50.02556879584941], [12.349034708312587, 50.0320753655936], [12.347356606834259, 50.036677800696374], [12.33965344151103, 50.039327166178495], [12.335673701037479, 50.038518180986145], [12.333452037826465, 50.034798374686396], [12.328845477297953, 50.03218696214065], [12.325871482170175, 50.03282968599974], [12.324454737107816, 50.038772873773084], [12.315715739529834, 50.046028538007356], [12.319183951885694, 50.04870479223956], [12.317278689796202, 50.05336875265834], [12.314359394579833, 50.05247053097661], [12.311163434516866, 50.055436084944255], [12.299016468062058, 50.058609716124515], [12.279253185561407, 50.05517045149132], [12.278133703968741, 50.057691249419406], [12.271307056913313, 50.06135262615542], [12.261622987892677, 50.05811936473006], [12.259717316086807, 50.06105853099873], [12.26084577793664, 50.064378938413974], [12.275409718788744, 50.07647224024227], [12.265455188885404, 50.079011573317835], [12.252968116233705, 50.087397360286005], [12.252395589523815, 50.09157978494879], [12.248578040105686, 50.09077607983255], [12.248374453113252, 50.092756561505524], [12.246075565060082, 50.092399232113976], [12.244362535599915, 50.094719923986254], [12.247893889981311, 50.09558872334107], [12.246648599273437, 50.097529102155534], [12.231416655062455, 50.09433064141868], [12.227361270828101, 50.09708576543997], [12.228665786633643, 50.10238436810197], [12.221254587005447, 50.103911160332444], [12.210470578411492, 50.10167987013251], [12.206328233842022, 50.106926066328306], [12.200801727392856, 50.10869509292618], [12.199591914075675, 50.111754676216115], [12.202584746238102, 50.11535508397831], [12.196340683790341, 50.12289164694107], [12.19741424462466, 50.135563713292605], [12.194594681329614, 50.13766628989355], [12.195159817741773, 50.1431651389701], [12.200355432309003, 50.145777247388324], [12.20361776669283, 50.145690567634176], [12.20130909668589, 50.14825850382003], [12.203477090638392, 50.15054842427241], [12.200049064822773, 50.15149756676032], [12.211390737555336, 50.15891054035841], [12.21596813588764, 50.16820252184733], [12.207294363826565, 50.16947558172738], [12.208276294955061, 50.17435781040742], [12.201183143553012, 50.18863894119106], [12.188852561048352, 50.19553726949613], [12.191293042067104, 50.197702969730656], [12.197559917799317, 50.19793359441024], [12.197081358455135, 50.19906203731625], [12.191602831627801, 50.19866098855704], [12.190141745096197, 50.20075949404994], [12.182700228594483, 50.19916563244115], [12.18164509962528, 50.20056561428765], [12.18616543890146, 50.20307680360839], [12.183577066136722, 50.205236374336415], [12.178287471594654, 50.20481186394037], [12.175380971751409, 50.212838513657886], [12.166411208321824, 50.212017905103785], [12.164855152719314, 50.21349026392006], [12.159691218333892, 50.211227315977105], [12.157861767710006, 50.21452729261554], [12.163966161837163, 50.21795416567238], [12.162959466549474, 50.219942938997534], [12.160318942337891, 50.21978038289682], [12.162021029172513, 50.22345089849855], [12.157255492381376, 50.22323705089897], [12.157485891293618, 50.22717934353359], [12.145379489810027, 50.23039035111168], [12.151806484657655, 50.23430593793543], [12.151074269040642, 50.23571241996789], [12.14199834123181, 50.23370542998964], [12.141250793688876, 50.230468565774856], [12.127189603667006, 50.23235877905122], [12.108899499608075, 50.2380040603696], [12.106600400895756, 50.24659073096164], [12.09761063597396, 50.24637978214712], [12.092427321198965, 50.24960554929236], [12.090571256850847, 50.25240175621223], [12.102499359563115, 50.255785485545886], [12.10171714770874, 50.258971888023666], [12.097610567154257, 50.262304407777265], [12.105949831778622, 50.26369511895105], [12.112306358821835, 50.267681798286475], [12.119974469500292, 50.26691802505151], [12.120473052289842, 50.26854486642167], [12.12676029046081, 50.26966342626444], [12.138284995432386, 50.27502048322672], [12.140058642695301, 50.277833177878534], [12.135597387388806, 50.281028322057075], [12.13591432514753, 50.28381888853752], [12.12281692339198, 50.2909678276345], [12.122013738123648, 50.29603168134816], [12.119193182622642, 50.29876939783658], [12.126028392496323, 50.3072371968631], [12.114978524273093, 50.31307939668141], [12.10488336838682, 50.31456350340875], [12.10080023496126, 50.318027917017304], [12.106525896333281, 50.322470309599055], [12.109911554987068, 50.3204102954806], [12.115505861573359, 50.32045476618883], [12.113780231020998, 50.316491413412386], [12.12493940883464, 50.315227554522025], [12.130422101575805, 50.31904572687347], [12.14660559361719, 50.321935774256254], [12.184601581819855, 50.32222056904997], [12.185074338323496, 50.319125467744186], [12.182761716992024, 50.3175322202693], [12.186835400652063, 50.31167348166599], [12.199499355733698, 50.30671206051039], [12.200151947019785, 50.30860980224136], [12.200944438857821, 50.308946661102], [12.195081547905795, 50.29333175455221], [12.202136335409971, 50.288064645838695], [12.201321329696322, 50.27283571077039], [12.213160583501125, 50.27011875154439], [12.230324006627363, 50.27126076275771], [12.234864682290102, 50.26938900986888], [12.246858456332143, 50.26817093686517], [12.247759013403599, 50.27021877300552], [12.249987964563605, 50.27082663735978], [12.250500672789205, 50.26926851550577], [12.253839646600941, 50.270974999032774], [12.261452983521117, 50.26129966170867], [12.266155177302082, 50.25887596614212], [12.264553754258118, 50.252741336421295], [12.265937230113272, 50.2501775195259], [12.260225589646067, 50.25096004829551], [12.259418220974831, 50.252220283999826], [12.254948067259848, 50.25113511804994], [12.2550857228773, 50.25288990775893], [12.246913989756067, 50.25724371201235], [12.249974959025977, 50.25451376980656], [12.245879100226334, 50.25099454683772], [12.241641753446148, 50.250838955627025], [12.239473136227305, 50.24615265832314], [12.25182624675964, 50.24168714453708], [12.254952952913667, 50.23677483360269], [12.260668941787934, 50.23459376482189], [12.263341883211563, 50.23567413902789], [12.266010802936112, 50.234404381580646], [12.26309658930806, 50.233967635405705], [12.267116673672337, 50.23183079983498], [12.274964659062777, 50.233238530171306], [12.286847047422233, 50.225309728976335], [12.279334323748884, 50.22425374573347], [12.280372100797402, 50.22305298283141], [12.278289752653057, 50.22279447483156], [12.28528114269758, 50.223159572052246], [12.293902717842725, 50.22103367688093], [12.28252209252448, 50.213111642664494], [12.282465070018239, 50.208024243501384], [12.288990878911733, 50.210513674578515], [12.285553788430072, 50.20594961093066], [12.288149940476703, 50.20478280336139], [12.287961352539575, 50.20311868794719], [12.277703853226186, 50.19946898945702], [12.274650536813837, 50.19654749547084], [12.277242261852953, 50.1950859664541], [12.277488357779816, 50.19166074024141], [12.282152972442523, 50.188642130596996], [12.284748380626592, 50.189895312887], [12.286084704326788, 50.18565623313402], [12.290133630529677, 50.18519757455162], [12.29219218471673, 50.180343131028515], [12.289359777497443, 50.176890546304165], [12.295244736951565, 50.17464202136379], [12.303450006694431, 50.175424073628506], [12.319540290557887, 50.17172202050892], [12.326818248245992, 50.17279966421771], [12.332116781037849, 50.17132343465344], [12.335352985262432, 50.1719670567269], [12.337391102599737, 50.17354120348158], [12.32774288937956, 50.17583418597233], [12.327497987502733, 50.17980338851372], [12.32346951765424, 50.18201469828731], [12.327773470471938, 50.182569762472646], [12.329323463092187, 50.185980922153924], [12.336198700509387, 50.18858043825665], [12.338310318198959, 50.19228574344684], [12.332872345425958, 50.197670360516256], [12.333446310544169, 50.199434068021695], [12.32638926966383, 50.2021327134665], [12.323362823844823, 50.20711326158375], [12.327305193381674, 50.210236734773666], [12.326724860731408, 50.218518505096156], [12.334691722511794, 50.21728770113832], [12.33501269077289, 50.22135505556751], [12.329181677327849, 50.225279407359984], [12.332024382762796, 50.233247692583475], [12.334219448745184, 50.23402930090102], [12.328150281165101, 50.23466371755312], [12.332637838779767, 50.23873070688003], [12.33129012520912, 50.24244784850416], [12.342130072389093, 50.24059999399441], [12.349294101046821, 50.23625501947447], [12.350067333834398, 50.23773115476995], [12.354709081307822, 50.23733725115467], [12.351261590137772, 50.23928993477537], [12.356740275617819, 50.242765607779994], [12.359225451812463, 50.24212717619007], [12.350315475076505, 50.25341919246087], [12.352583601723394, 50.26265404113673], [12.361387535334135, 50.269653523782566], [12.35964335716309, 50.273522903753026], [12.365022236084181, 50.28041559968436], [12.36901016753662, 50.281390232412605], [12.370672081544768, 50.28510450731906], [12.381961322369628, 50.28893237855478], [12.39414665512175, 50.289583297032856], [12.399623857240547, 50.29366156551468], [12.403038566951983, 50.300759397677055], [12.398325379257066, 50.30796158881801], [12.40073182506001, 50.31871091350862], [12.39837693924267, 50.321426076775516], [12.404662893731578, 50.32404523926962], [12.40903511387715, 50.32323151519615], [12.416663860415014, 50.324493332866346], [12.42123000150113, 50.32267798643382], [12.425341739460395, 50.324509526374925], [12.430960635455907, 50.32271820021924], [12.43718421254007, 50.327768923135466], [12.434953661269368, 50.33259656514017], [12.44236417658153, 50.34199645275393], [12.449661261781758, 50.34636729048204], [12.458507134313269, 50.34847709765548], [12.460264048325099, 50.351637635980104], [12.46854942706511, 50.35460504260883], [12.480513505204538, 50.34717975156194], [12.483951916698745, 50.34700643116703], [12.489544945537807, 50.349794882308245], [12.492627544588638, 50.35621740296159], [12.487537798091996, 50.36224111676039], [12.488279420247704, 50.36735509043858], [12.486380547995259, 50.370785189892594], [12.490180700873282, 50.37576000410446], [12.495952098917302, 50.37898383279796], [12.509479717557673, 50.3914821946156], [12.512027713571333, 50.3972571667234], [12.529195942739763, 50.39701192354355], [12.533942849095052, 50.399790672681554], [12.54206423013418, 50.39845085414691], [12.545999207984602, 50.40088768847448], [12.55044733983254, 50.39916656683162], [12.558228098377219, 50.39934749809241], [12.574966286797688, 50.403363346480276], [12.580143374645935, 50.40714648813486], [12.591155284583948, 50.40761523609333], [12.599943482456208, 50.405777089536976], [12.607247079470092, 50.40832799515754], [12.608568690314858, 50.41105287729007], [12.617257450150717, 50.41573034806965], [12.62740844264079, 50.416210756588], [12.646921032505889, 50.41051025121226], [12.662485168195875, 50.41229991099423], [12.673271649918712, 50.41680367477643], [12.681875066495083, 50.40959426293237], [12.693309834659862, 50.405143740133695], [12.695817899751455, 50.40142858903616], [12.707113932760114, 50.39711846004669], [12.709049587307696, 50.40205048009468], [12.706857585614554, 50.40416463095299], [12.707860447006441, 50.40837232948307], [12.720658042735057, 50.41755667123232], [12.729737166934175, 50.42165221253912], [12.734468684392148, 50.43233796981286], [12.79485179995354, 50.44942983524682], [12.810494200426161, 50.43089709923449], [12.811141093253717, 50.43647551520272], [12.80664956773913, 50.44333475056996], [12.816761509000225, 50.44961246750997], [12.819032076112757, 50.460291253834484], [12.837608391895209, 50.4540752553471], [12.849098640995871, 50.447513328474194], [12.894628952030812, 50.429741063696994], [12.902945114001188, 50.422714877850105], [12.905900667542197, 50.422149827412944], [12.912233307161657, 50.423842536767864], [12.924965215129658, 50.41619400554334], [12.936178312609734, 50.41181759786902], [12.937379174706306, 50.40626790127532], [12.9480897959881, 50.404250704130554], [12.947610197872608, 50.407143809845046], [12.943928176982203, 50.4059648246348], [12.940984403867205, 50.40716875534836], [12.942250461911934, 50.41171188889087], [12.947519705258873, 50.41350284759655], [12.9637162294908, 50.414561531524306], [12.985215281549955, 50.420357534872814], [12.995465087816441, 50.43357428972706], [13.008530240260374, 50.439298548494165], [13.019865603211551, 50.44655626909513], [13.023963812305077, 50.45388435829326], [13.019983852134624, 50.45895374900273], [13.018438061815543, 50.466968693477405], [13.023756161441874, 50.48482010358903], [13.022620133559696, 50.48705374327781], [13.032323545580065, 50.500601549970945], [13.031693612498222, 50.509764168483294], [13.039231841945753, 50.50961386108105], [13.04250414117213, 50.51156560072424], [13.05061252279589, 50.50740309380453], [13.05612292299627, 50.50123580814111], [13.085293997242282, 50.50022140109528], [13.10344369122806, 50.5035798369336], [13.11993631748524, 50.5140093219719], [13.132566197724927, 50.51862162565709], [13.134433111037401, 50.514297892338746], [13.138685678479273, 50.511355493150205], [13.136621278525574, 50.50640554772892], [13.142527681520956, 50.50560039572217], [13.153333335500228, 50.50849640378273], [13.171082855631196, 50.505930369936195], [13.177894248971212, 50.50288786047052], [13.195290976874983, 50.50324104054183], [13.197318891030944, 50.505888323521745], [13.195140481171698, 50.51608375902251], [13.207557203443757, 50.52163107332453], [13.209712510592862, 50.53038375177041], [13.222084990887229, 50.54194873524857], [13.221740300390959, 50.54601494396863], [13.229427928237692, 50.550136201870764], [13.228625507336893, 50.55519809955389], [13.223231763956601, 50.55845171297643], [13.223028984343859, 50.56343592115595], [13.225980886823246, 50.56628431617786], [13.235952591430005, 50.570219543637776], [13.23308856714738, 50.57917045387244], [13.237437596208776, 50.58002704124478], [13.239528847900345, 50.5846351971272], [13.247506312849472, 50.58700795190882], [13.248352903817342, 50.592074557918615], [13.255925047363332, 50.595386438933204], [13.260203129094927, 50.59219515071482], [13.278708449786988, 50.59296750296448], [13.284020753383272, 50.588637540320526], [13.285718110717028, 50.581283161154964], [13.291092707766131, 50.57492911484593], [13.300316909468233, 50.57884202607759], [13.323152109697425, 50.58109010243089], [13.325092056283859, 50.5828406533584], [13.324426091375631, 50.58757334082983], [13.321195690242906, 50.589549719322086], [13.32289737925807, 50.59738993564995], [13.3192818347386, 50.60188318825717], [13.325864797838491, 50.60462987532701], [13.32478869984929, 50.60844540916964], [13.334690390553698, 50.606684750750404], [13.335685963390485, 50.61007641702237], [13.338697046330367, 50.61089055444707], [13.337612275558095, 50.61267874380503], [13.351694059037456, 50.61388029564761], [13.353797798043638, 50.615684632398334], [13.358757764898728, 50.61619855151356], [13.360214901940532, 50.61939713750641], [13.365345355503155, 50.617978570664434], [13.368764069599393, 50.62046608853475], [13.369990945922615, 50.62479989504108], [13.377295217160729, 50.627252879615455], [13.374163146178997, 50.63265444365584], [13.375524143144421, 50.636593493562756], [13.373502314660756, 50.6375457495434], [13.374486909018128, 50.64117099678279], [13.371050223463586, 50.65081359031331], [13.375693611729682, 50.65034521061151], [13.382811247771269, 50.644845888783706], [13.385818888998797, 50.64677162828743], [13.3918136665937, 50.64662500014388], [13.392381253848354, 50.64167586277867], [13.39479766251663, 50.64167864555889], [13.402313059100878, 50.63504903495618], [13.405446150455727, 50.634599587673144], [13.407008355806319, 50.628301781656255], [13.413532443637958, 50.621871883347445], [13.412109593722931, 50.618601520576625], [13.414963461065389, 50.61652946310399], [13.418588745889663, 50.61537750717914], [13.425558015596176, 50.61648136734321], [13.427117394340415, 50.615427995663005], [13.424958301882548, 50.61287934386047], [13.428985793025708, 50.61073019270041], [13.441267693465457, 50.61119567935129], [13.45089861252921, 50.60591067293888], [13.459905696223936, 50.60425278080963], [13.462204040533756, 50.601766886476135], [13.46485569730703, 50.601779074332356], [13.466405702235205, 50.60591776841506], [13.477539979081886, 50.61236998168391], [13.477292009173949, 50.61527532598657], [13.482366574900238, 50.61932430188064], [13.493974955327689, 50.62446274138856], [13.49761694599202, 50.63197147832654], [13.52427542223508, 50.63898621628689], [13.523046109880127, 50.642493737815], [13.525941101436258, 50.649403548855446], [13.517822597802102, 50.64820482113803], [13.512785341970464, 50.65376882344739], [13.530357520863724, 50.66809062004933], [13.540224197606376, 50.66806693069661], [13.53862884350007, 50.67306579824325], [13.544372282837099, 50.67754874986153], [13.539897148012061, 50.690689450634075], [13.527136880706012, 50.699098425729055], [13.525240276574195, 50.70438744085423], [13.538613321146947, 50.7058599813582], [13.54478662861533, 50.711174428350056], [13.551917063529547, 50.71374139416684], [13.558014930102347, 50.714853287553886], [13.56876519554132, 50.71236189603571], [13.5737300893287, 50.713730354556574], [13.579234838351562, 50.71236625666425], [13.588189994710973, 50.71311372808797], [13.602733879895505, 50.71015399380561], [13.611135649113434, 50.713642772710095], [13.61912294441645, 50.71379204522738], [13.626950531255048, 50.715913537605594], [13.624934827814632, 50.72302122118553], [13.63597395528392, 50.72482498634964], [13.642117167779917, 50.72942046097612], [13.664671714535853, 50.73208527982548], [13.681355211037223, 50.72502186905149], [13.68805324066889, 50.71947896543883], [13.706710458667352, 50.716687754570636], [13.712307249652024, 50.719531296678625], [13.71136333473916, 50.723433353961255], [13.708277827354356, 50.725394312861994], [13.713660381786882, 50.72499255988832], [13.728130681942165, 50.73365964844453], [13.740560855732474, 50.727275351265796], [13.750872193904229, 50.7295977180359], [13.758306858864895, 50.73582648925496], [13.760768749069765, 50.73422247212862], [13.76326812069548, 50.735217733598724], [13.767302107641502, 50.73441399238835], [13.768834253466796, 50.73290882878504], [13.777154424949694, 50.736337392824815], [13.78480575954915, 50.73360719733476], [13.789995360459569, 50.73513190975254], [13.790769179805505, 50.73259057352064], [13.796932867714997, 50.734390677150074], [13.800636244587336, 50.73297238306906], [13.807376746753267, 50.73333895524004], [13.815632081651575, 50.727684606391584], [13.819746161525636, 50.72746396410066], [13.826567758872356, 50.72417613087846], [13.835203227340887, 50.72697431923476], [13.84338749521211, 50.725152755300776], [13.854940051234086, 50.72695351701878], [13.8582093377071, 50.728887693395436], [13.86170090927434, 50.73560528337434], [13.861994000322335, 50.742797779177266], [13.868216603195126, 50.74267975165851], [13.880298024632205, 50.73770626254969], [13.896556204464146, 50.74313160079979], [13.898797615178722, 50.74513583543661], [13.902773650668937, 50.75299887025698], [13.88987975010602, 50.76252554429308], [13.887342055598918, 50.77007460348958], [13.900350965919328, 50.78478815910256], [13.89640567487305, 50.788454475147724], [13.89767380790945, 50.79205350498919], [13.900780127896521, 50.79337987360655], [13.903906788500013, 50.794242862151144], [13.918251883924645, 50.789139106451124], [13.928950882104855, 50.788507427675725], [13.938986807780937, 50.78992925192508], [13.956137484377214, 50.80057475921549], [13.954364036956843, 50.8075693745405], [13.95903994187911, 50.80988589656726], [13.970717443339934, 50.81110846085902], [13.985941861662251, 50.81629432329708], [13.990739585095191, 50.82000625432552], [14.003084589172172, 50.81453223078024], [14.003539968699368, 50.810243539623976], [14.012246650860353, 50.81172968422861], [14.017427389271857, 50.810914556605574], [14.029923670041251, 50.80425589871766], [14.035051455981545, 50.805168989855645], [14.040505221213877, 50.81075359353623], [14.047858971903985, 50.81005271587982], [14.05809463012817, 50.811917786586356], [14.062998922411834, 50.809880268671755], [14.078463690780312, 50.81248046497817], [14.078966358434506, 50.81886205758366], [14.089524629544677, 50.82608064874248], [14.098892236198866, 50.826284102139866], [14.107151264707175, 50.8302542756439], [14.11083948122521, 50.82939570656413], [14.116577261573187, 50.83230391358537], [14.126939107869894, 50.83432205007736], [14.13289228695711, 50.833986413055996], [14.144228407852015, 50.840573784870884], [14.153850642498028, 50.84298871623314], [14.161544819013704, 50.84762703144647], [14.170978417246864, 50.847381946011794], [14.191028092969264, 50.849627147884156], [14.195598623170927, 50.85181945025781], [14.200737937210771, 50.851218325140145], [14.21706553603236, 50.860249785526], [14.223500680131696, 50.85908663778844], [14.235905174525893, 50.87605357072886], [14.236517704311984, 50.88228708937524], [14.233366141843137, 50.88759904311386], [14.2441621749342, 50.88639755142962], [14.251577192279367, 50.88781514312749], [14.267432847932463, 50.895313544666195], [14.283056490099717, 50.89221903896877], [14.290295592525577, 50.885695466342774], [14.304750205470922, 50.88392777435147], [14.319397331621076, 50.888873385805994], [14.349146183876863, 50.89270094942792], [14.349091898782287, 50.90075722329449], [14.352030225252891, 50.90048516664125], [14.354384910344065, 50.8982178733732], [14.358571851421837, 50.899550305292045], [14.36275011101076, 50.897396373242046], [14.373846178722115, 50.89621436955196], [14.375152758856272, 50.897992145774175], [14.38800323545196, 50.89919951492175], [14.385784241032466, 50.902606998456186], [14.388692379920585, 50.90848224469124], [14.385640640117987, 50.9165435956365], [14.389667081863555, 50.91656782156296], [14.388655609325276, 50.91889400603756], [14.394170292155959, 50.918075953785674], [14.391391578479924, 50.920601412393296], [14.40217367408, 50.92383889538158], [14.399273619157837, 50.93007774066341], [14.40073463102932, 50.93327645690189], [14.396968591182116, 50.93634027782128], [14.387313861103674, 50.94187784219299], [14.373775084714548, 50.93810002026175], [14.369420382333827, 50.93936432828045], [14.369339917714907, 50.94227485097867], [14.360715841575411, 50.94139812371167], [14.361109845197191, 50.942707699417255], [14.357287207292297, 50.94423601320759], [14.348727454571812, 50.94520056593865], [14.345861792091641, 50.948514890718826], [14.339514764209301, 50.949788327315915], [14.326505047920914, 50.94951812648204], [14.311440889372859, 50.95401078452674], [14.3110066320034, 50.955537033609886], [14.31758533375576, 50.9582029510898], [14.316995839659132, 50.960619642351574], [14.306365278108029, 50.962918467234495], [14.302571847356596, 50.96525821410635], [14.315486782384511, 50.973146046355495], [14.320769624412984, 50.97212571944963], [14.328182013552848, 50.97309709284443], [14.32601991693004, 50.97907296696849], [14.329708824731078, 50.98219279630995], [14.323479369257168, 50.98539027487908], [14.311664242247792, 50.984733448966864], [14.298566408234223, 50.97907382347538], [14.287762558754926, 50.978269152892125], [14.285698631186476, 50.976921164383356], [14.277545209393514, 50.98210996630925], [14.258683771169629, 50.98753527436761], [14.258585821818047, 50.99205992142812], [14.26872689323841, 51.00004484056205], [14.262288085965631, 51.003923884855205], [14.26053867561173, 51.00882586130023], [14.265349315291349, 51.008155454305346], [14.280134566687362, 51.01409418198416], [14.28195772547072, 51.01559309602059], [14.277667770912553, 51.01892752173379], [14.286373192731237, 51.02748831622989], [14.285292441185211, 51.03221852010693], [14.279789938766363, 51.03639602004182], [14.273555520817258, 51.037825138780185], [14.273855210892469, 51.039799116474086], [14.286495931370268, 51.038550056038154], [14.289035195756934, 51.03948564336002], [14.292204903394994, 51.04654574877777], [14.302094253942732, 51.0550942323605], [14.317023886459758, 51.05533710453639], [14.326669150069078, 51.04934284389178], [14.326952211306692, 51.04701348903137], [14.336933943219002, 51.03899236971704], [14.345133763888839, 51.039025337286425], [14.346832488242061, 51.04145435411009], [14.361973006826574, 51.0453300511073], [14.37403365920086, 51.038624985558556], [14.382682413813894, 51.03853585702186], [14.38477322865857, 51.02698883149652], [14.390397796898863, 51.02390475272072], [14.405200205025533, 51.02094168486242], [14.408568004113558, 51.01878327388931], [14.419834798229182, 51.01905694574731], [14.432021042211975, 51.023404875888744], [14.435160542719084, 51.027023238819275], [14.453829537554927, 51.03594369508562], [14.465684081535388, 51.03534784038996], [14.470428260368124, 51.0309373960869], [14.475376397635857, 51.029532480546614], [14.474411868232746, 51.02553859255783], [14.492715913782424, 51.023411845314314], [14.494321333625106, 51.03576920031535], [14.49076499633216, 51.0435543321199], [14.499615551341883, 51.04658696776482], [14.508400349479412, 51.04330903781127], [14.501730548688109, 51.03236612076096], [14.498597008925897, 51.02208942623777], [14.532185281927637, 51.01658060767665], [14.53978799120942, 51.01041625315729], [14.534687791715234, 51.00874662778717], [14.532596006590008, 51.00576010177735], [14.5347533974902, 51.00374266177305], [14.555637866747746, 51.007220647358345], [14.56095089395016, 51.00694827715783], [14.564551213507, 51.01016702479882], [14.568334355590883, 51.004556977760586], [14.578740199331776, 51.00036154121104], [14.581498675212435, 50.99356485393066], [14.593244980398817, 50.98775825597028], [14.599072715651323, 50.987174938788925], [14.598414743383122, 50.98072987045883], [14.600648824510612, 50.979413960092074], [14.59712179349916, 50.974254080827066], [14.596838452837789, 50.969118514753546], [14.592172338463275, 50.9667411274334], [14.59615731473667, 50.96272731545184], [14.585331307041669, 50.95166980029452], [14.581762108891278, 50.94239732498517], [14.572000997345526, 50.9375167600602], [14.560621737338648, 50.92524020173133], [14.56435909076018, 50.91857357309069], [14.577882407471527, 50.91593611508823], [14.581936702811905, 50.91354837313714], [14.588935868484898, 50.916940868325945], [14.593384841381647, 50.91634673356432], [14.601552338212306, 50.9208059096732], [14.61225036065415, 50.92232482270065], [14.617084171310129, 50.92557481278706], [14.628169166924932, 50.92549165473408], [14.63948066334436, 50.93024349823282], [14.650200131469765, 50.93152396736764], [14.652280278744534, 50.92591529229547], [14.65283225257542, 50.9054222992754], [14.647173188470877, 50.90400241383483], [14.636671716432188, 50.89783889004389], [14.632674255441762, 50.883304731628414], [14.629285130690661, 50.88015638847738], [14.624078305287846, 50.868313969582736], [14.618978308974306, 50.86455300679733], [14.618915317353915, 50.857759567295496], [14.633136975702595, 50.85503748248587], [14.6477924500556, 50.84874125952091], [14.660258659410045, 50.85016046318517], [14.665009775338952, 50.84918716931626], [14.689954870908178, 50.83800237060305], [14.708602427878956, 50.840779806615565], [14.720070388600323, 50.83228117590673], [14.716578152928253, 50.828933213679726], [14.717307416794203, 50.82325921556554], [14.72595347707031, 50.82237011753932], [14.729103680340318, 50.82458227886454], [14.73423901019633, 50.825376051547345], [14.738938674596785, 50.82892840241941], [14.74470952324776, 50.82948401160959], [14.747480349663979, 50.82882070004958], [14.749781960753213, 50.82429892103341], [14.759009630593193, 50.82462097664988], [14.766468728987823, 50.81923915308752], [14.779233703630913, 50.82001738295374], [14.790508991469643, 50.824032360962526], [14.792455752380288, 50.82353755540111], [14.792894906993096, 50.81996122520191], [14.799670932193155, 50.82261276272075], [14.801886050885065, 50.82607170359823], [14.80258318600302, 50.836524265139424], [14.808045431422457, 50.844309788525294], [14.807565564288323, 50.846367175197926], [14.810601352515855, 50.85125544935612], [14.821341125691651, 50.85936968214432], [14.821481212801958, 50.86326623660578], [14.825052495138358, 50.867840507407124], [14.82336039082585, 50.8705699840756], [14.829588737141888, 50.87275231995991], [14.84054863640654, 50.86903904712257], [14.847022718822966, 50.870254318644264], [14.855415616787596, 50.86874482583627], [14.863788760817409, 50.870512505327184], [14.867081997832209, 50.87723324226629], [14.874354805717052, 50.87712803310948], [14.89727865195013, 50.867357115934475], [14.900166764143563, 50.87596372497815], [14.902459655415155, 50.875813106241225], [14.937360392232952, 50.86941612284038], [14.948036356536491, 50.8642349511434], [14.959254812343831, 50.86193290863787], [14.98669588647404, 50.86930271102272], [15.001927749089436, 50.86877977460818], [15.002348170682064, 50.874521048151124], [14.998505818575984, 50.88780422707056], [14.993979747724616, 50.891825247281616], [14.99661378423579, 50.89492028165838], [14.996181615494594, 50.900638281978175], [15.006816819616569, 50.907226972082285], [14.999155433215886, 50.90682746292942], [14.998468266421357, 50.9135659228039], [14.994898967953231, 50.91510754127515], [14.98945371774371, 50.921641530710865], [14.995408818707519, 50.92706536926571], [15.001728972053014, 50.92872915844346], [15.007777676186793, 50.93586382311661], [15.014338293620925, 50.93982714402001], [15.013006069666696, 50.943600121219454], [15.015282055407718, 50.95027559491122], [15.010749360816344, 50.96298096384234], [15.017289093605072, 50.96680235015154], [15.021713994008264, 50.96707279788035], [15.015059032982823, 50.97223709491301], [15.011022035166343, 50.981686061008304], [15.005920028798384, 50.986560473772045], [14.991884557212336, 50.981341562057445], [14.988933500846056, 50.978033083526995], [14.974157121112812, 50.98791785705589], [14.968245448083177, 50.990013627593655], [14.983843503843802, 51.0065113250256], [14.985419741944249, 51.010842243462186], [14.99724670929647, 51.00921527179624], [15.008986784341358, 51.01547148861133], [15.014323302302348, 51.01599111252001], [15.016475021603267, 51.02181219660058], [15.024195042419985, 51.02321740529513], [15.027280214236084, 51.02317100473451], [15.028748230534015, 51.0212960093309], [15.032566436418199, 51.021502361181675], [15.035192240902129, 51.01673963730351], [15.032886712994726, 51.01551981749572], [15.035443527945649, 51.012844924992784], [15.055661163346013, 51.01197754898466], [15.057888916104433, 51.01369288548806], [15.057721594695497, 51.02250923692881], [15.061001804423848, 51.02289739122222], [15.067851252184942, 51.02114793722807], [15.069332553790824, 51.01768320292004], [15.075948023236826, 51.01719462925234], [15.076829529471146, 51.01340870308986], [15.084194921118867, 51.013467448250495], [15.085064602360177, 51.0147614523033], [15.093778489476756, 51.012496844532244], [15.098413366536938, 51.013233915853355], [15.106705094478308, 51.01037499957327], [15.106184769609685, 51.0070598613569], [15.100193989446296, 51.00565349414253], [15.096792730212842, 51.00293352437241], [15.100795848928215, 50.99396883724411], [15.105160419726667, 50.99138174104862], [15.120756883520315, 50.993317228931076], [15.129002212904341, 50.99012900897715], [15.136070267381664, 50.991727936697714], [15.142111641449416, 50.99132456361884], [15.140790627921138, 50.99361376723894], [15.133107728784951, 50.99389291842375], [15.144368158863585, 51.013370783522745], [15.161164156928963, 51.01635248134185], [15.171848569232042, 51.020030711071826], [15.177207694473141, 50.993464596278635], [15.175497639835871, 50.98867225661079], [15.171328228668312, 50.98651087363398], [15.179853645099264, 50.98301738819236], [15.191839017124234, 50.98054685974369], [15.200026287839957, 50.984005892317576], [15.19660913327595, 50.98833224994274], [15.204309182993851, 50.99250845881631], [15.212864370575726, 50.99200572185574], [15.218504466446094, 50.995492116507734], [15.227721737529217, 50.99600956850153], [15.23655701500256, 50.99866949271208], [15.24232663485017, 50.996945871529874], [15.237182080776275, 50.994565958206984], [15.240039544481826, 50.99177111532192], [15.238663181998179, 50.99060256015737], [15.243302726947823, 50.98839545587629], [15.239296144221331, 50.98600736990018], [15.248452748272705, 50.97967450624384], [15.253993857344097, 50.98108442470465], [15.274076889221769, 50.979547146070004], [15.277210789373243, 50.9716266392653], [15.273886440908694, 50.96291038352383], [15.288106298850447, 50.958002861986905], [15.292243896239341, 50.95263889160838], [15.288717110655078, 50.946303392519184], [15.27861619589914, 50.94184597133341], [15.277307022114273, 50.939083334102335], [15.27008279980923, 50.93597554838736], [15.267849825675963, 50.93249798551189], [15.269716470261928, 50.92546224584815], [15.266917639505357, 50.9202781774029], [15.270748942714073, 50.9155810967233], [15.270322092669769, 50.911284779510105], [15.276864609759324, 50.89925650390862], [15.277062662027141, 50.89102142193474], [15.289870990213874, 50.881704190524246], [15.292414150935318, 50.87632533632683], [15.31176166227465, 50.860211440873435], [15.322106672657387, 50.860117669715336], [15.326415986094263, 50.85810422986648], [15.328685588198525, 50.858983708002675], [15.327665712737385, 50.85746756390963], [15.329631601938342, 50.856339336449686], [15.332941232364968, 50.85720186984273], [15.337353404347086, 50.85608313869689], [15.338456371905203, 50.85723373149386], [15.340874166521454, 50.85464958447467], [15.342920277375404, 50.855320417157884], [15.342981545346023, 50.85344015721644], [15.344907719236945, 50.85288984094228], [15.34560648466827, 50.85412468541643], [15.350139497089963, 50.850847929342606], [15.353740005932334, 50.85137989479586], [15.36031167955169, 50.84225652073456], [15.367342737208153, 50.838027085903576], [15.37218409878929, 50.82357091606878], [15.376103310805155, 50.82114776105873], [15.371976238341782, 50.81912717778453], [15.370039832468262, 50.81436304636544], [15.37408237773159, 50.81180825761283], [15.372016330479651, 50.808177558194146], [15.374011470151292, 50.807364632056085], [15.368686605725975, 50.805355750971984], [15.366175197442287, 50.80207185139485], [15.372492267124326, 50.79576746219446], [15.373450116088717, 50.78478389326238], [15.369819742351366, 50.78115648480655], [15.374760572264647, 50.77762312668788], [15.380429761718904, 50.77800012734142], [15.385160043739596, 50.775479411493244], [15.394134032957108, 50.77654695071065], [15.40357662560068, 50.7822453310228], [15.415054688542819, 50.792777891075126], [15.420825867950104, 50.80323906539341], [15.425399417456768, 50.80633534909154], [15.439524146709045, 50.809057090258726], [15.450233205382386, 50.807110778176025], [15.45093371680734, 50.80407791572125], [15.463718295122906, 50.80095192148584], [15.473479189645994, 50.79675604526874], [15.480526814900676, 50.79083774600248], [15.493654805579801, 50.788229510246914], [15.511001995360402, 50.79081234457262], [15.52430850929716, 50.77700281248485], [15.545651880935326, 50.78045751216595], [15.56401723830435, 50.776118293333454], [15.57875087162491, 50.77897028652915], [15.603657585713009, 50.77631091316817], [15.616429173869284, 50.77234246059169], [15.622109750811939, 50.76519258214355], [15.648578813087253, 50.759523638810805], [15.65929034548448, 50.75986318785098], [15.667689096871866, 50.75675646552209], [15.68027173558344, 50.75473823695614], [15.683919415920824, 50.752615642340494], [15.68864236527511, 50.74279820392332], [15.70570599617385, 50.73725946147092], [15.714676410202289, 50.73738568170683], [15.723365911204432, 50.73978952743231], [15.72851638223666, 50.739392770571776], [15.734332644117789, 50.73617706889163], [15.739781424150348, 50.73594501671012], [15.759768588044809, 50.74355817787434], [15.779219606482735, 50.74227495847573], [15.788756911223604, 50.74675113713089], [15.791475695649783, 50.75265606931334], [15.799140164179008, 50.75248183099565], [15.816194503143144, 50.7553229961428], [15.819707330863201, 50.749764549893584], [15.831937406315513, 50.74268896102575], [15.829938073801557, 50.72439151869988], [15.846114949736279, 50.70995449773772], [15.851049528035578, 50.70822695377419], [15.853126643524984, 50.70057543314571], [15.857364026478436, 50.69682554995465], [15.863305225551043, 50.681304075756884], [15.86096437670116, 50.67445198518489], [15.88401046864794, 50.67116556375089], [15.885066799994377, 50.675350145298815], [15.906708422368547, 50.67981406366808], [15.919533211394976, 50.684598150433025], [15.926196184077392, 50.680755936765365], [15.931835217455031, 50.68647828137871], [15.942547096583565, 50.68704220152283], [15.94990048146183, 50.69004370066503], [15.961235546018258, 50.691854136720075], [15.967168831920262, 50.69172558377426], [15.990907415904555, 50.683415208061405], [15.990370065137977, 50.6770124087954], [15.993732889189541, 50.673375867978066], [15.998882748359177, 50.67232494543222], [15.997926551261038, 50.668461738906956], [16.004513642628265, 50.65748821647325], [16.00335581647822, 50.651290993274834], [16.00499358039754, 50.64862373971181], [16.000926497219776, 50.64476226736265], [16.00543392258305, 50.64247462665287], [16.008549665495554, 50.634493058281265], [16.016316454769797, 50.633297334714705], [16.021769282774883, 50.63017603738618], [15.997615095524548, 50.62252297262567], [15.986714351479762, 50.61522155690626], [15.986442179582403, 50.613484736720615], [15.990541904305882, 50.61053868556709], [16.00853396333328, 50.604699206444195], [16.011165601754247, 50.606856760775635], [16.015700355709676, 50.60611469002834], [16.019546840622922, 50.60026449601555], [16.024834790950496, 50.598624671292555], [16.042618583368643, 50.61423827393674], [16.05608329231809, 50.60970526018907], [16.05839407531443, 50.613124314993016], [16.057349034040072, 50.61688570199377], [16.059827023962153, 50.62503635379346], [16.067595876400528, 50.63976004389365], [16.084749197973487, 50.647079977665], [16.08916991289371, 50.65269867972953], [16.095066537842165, 50.65300586728638], [16.100774155748027, 50.662511122835625], [16.103682864422442, 50.66336374178217], [16.111252219802193, 50.660944204727734], [16.11298767018274, 50.65861995872275], [16.116349301264325, 50.66040113810007], [16.125837541840884, 50.66058451809905], [16.127943780902445, 50.65756739451272], [16.134475667868404, 50.656124658730086], [16.13949747364893, 50.6507851825694], [16.148384374404316, 50.653338884373845], [16.170372662128955, 50.64527906705902], [16.17696140933264, 50.639647282102], [16.180161516822928, 50.63364636468183], [16.179382734113293, 50.628658331701736], [16.184173788769044, 50.62720686396111], [16.200871199678573, 50.63170881525247], [16.217361354996346, 50.63334739167524], [16.22053117327924, 50.636486359660594], [16.219012873122907, 50.63831194561555], [16.220947282015622, 50.63977173465292], [16.221487328632158, 50.65150863315952], [16.23024739293888, 50.667711539706715], [16.234818943522054, 50.671570614704734], [16.258365721337384, 50.66711902505012], [16.26332200271848, 50.66829348759206], [16.26862766799094, 50.667277143551985], [16.27944395000264, 50.66820787354713], [16.281843021799776, 50.661384789549324], [16.284112954214372, 50.660450323874294], [16.300266328881687, 50.66083862616213], [16.304984196363478, 50.659064087387335], [16.312759784808026, 50.66231588386226], [16.313819626836704, 50.664466266585656], [16.322136350092094, 50.66659653630762], [16.33387488681567, 50.662528436739755], [16.343087035034333, 50.66150951659559], [16.343993781300707, 50.65733599114439], [16.349416911628868, 50.65250018219251], [16.35122884735563, 50.647854666625975], [16.35607301696253, 50.646701351883415], [16.36132909063665, 50.648406266326255], [16.364084548806147, 50.64749972687966], [16.373700924499666, 50.63660361487592], [16.37948169940208, 50.636648376370374], [16.378140849840864, 50.63443093948733], [16.380387611595346, 50.63035699796188], [16.394464124272805, 50.61872855711499], [16.404964507678674, 50.617317383671], [16.41278863861672, 50.610131530618744], [16.422956783480664, 50.60633204717993], [16.44332544706257, 50.58650330869618], [16.44491220005313, 50.57957050054247], [16.421101596599318, 50.56919711424997], [16.404650109315835, 50.56927286779184], [16.404004127688463, 50.56467522992567], [16.408364622296336, 50.56138389735359], [16.410654256499903, 50.5564016551722], [16.410937071828386, 50.547899517613], [16.387397610706746, 50.541984285410585], [16.398241653908613, 50.5345431310206], [16.396771943038583, 50.53327906565471], [16.4017859565756, 50.52988803879711], [16.386694056972793, 50.520343410278095], [16.373947442275753, 50.516371901041076], [16.360359353475516, 50.5012253753861], [16.351623116934647, 50.49797703685508], [16.34837230378378, 50.49933328233575], [16.34776797140942, 50.49654560071446], [16.34380445259893, 50.49584028783968], [16.33814990092625, 50.49969455405874], [16.334257613119824, 50.49977177110049], [16.33250017857312, 50.5035239007823], [16.320742892070626, 50.50758810432282], [16.311531704999492, 50.506133003620185], [16.309444293154, 50.49937021227009], [16.31241281102098, 50.49411386225054], [16.304635660072293, 50.49099317547146], [16.300494777406833, 50.49148038494348], [16.299742573606345, 50.48521300798747], [16.294100043481038, 50.4791949611409], [16.28854032069043, 50.48091482125911], [16.28372454862868, 50.47984040623827], [16.27346040922487, 50.48253848381142], [16.273752741555857, 50.48406595763346], [16.271463742683537, 50.48467438933917], [16.26851212080734, 50.48290714091296], [16.269643916795758, 50.47958367084396], [16.274710406941807, 50.47658481833203], [16.26858266245681, 50.47588066406623], [16.264801985783794, 50.480050703823316], [16.25870875360709, 50.480176162268194], [16.249083498887305, 50.473512884638374], [16.255704155675893, 50.46762358859805], [16.243369923371798, 50.46305905433401], [16.23354153362606, 50.466820630802395], [16.231754031716573, 50.466158696404825], [16.235429060893487, 50.46351755960791], [16.235255605032588, 50.45991460424802], [16.224285472645906, 50.46073095682509], [16.22037827156903, 50.45788683963485], [16.230402083105524, 50.45360116049899], [16.23052945755278, 50.45073862332318], [16.23406108828108, 50.448694711234296], [16.231885817340252, 50.44347674795925], [16.223980776317955, 50.44207720134993], [16.220814770354654, 50.44626237448791], [16.22141882099457, 50.45088720335286], [16.212961249651993, 50.45170440426657], [16.205009199094224, 50.44865289779445], [16.19883629533453, 50.4417859853094], [16.198679681623243, 50.434728688497586], [16.19571318739023, 50.43213233077923], [16.19828560625604, 50.42884112252426], [16.203960468685523, 50.42959699012547], [16.20984670438934, 50.42678990512419], [16.214111071686965, 50.414696109586615], [16.210469015891867, 50.41124197790516], [16.214471190956825, 50.409104395778776], [16.221848277556337, 50.406922730859044], [16.23020443243283, 50.41217746949971], [16.238112893813078, 50.414078045871335], [16.24161917697795, 50.40967446601703], [16.252924674255596, 50.40564376623355], [16.251899503579306, 50.399688211086385], [16.247355526686107, 50.39823622101438], [16.24738614265248, 50.396190022915945], [16.250654624248977, 50.3934988325845], [16.26305302620294, 50.39356524086788], [16.267393003796162, 50.386742689828694], [16.26594068379245, 50.38160690508713], [16.268266204647066, 50.37909449453142], [16.2768568344258, 50.376204645757724], [16.27863459756192, 50.36744445170344], [16.286512958459852, 50.36757074243589], [16.291559529012602, 50.37009360438302], [16.299244966085364, 50.38076469095364], [16.304685898584076, 50.382595517705724], [16.308706236547813, 50.38312581430201], [16.316894011590048, 50.38018577196443], [16.326271502371494, 50.38210660698344], [16.330673989851693, 50.37990316376109], [16.341810431904364, 50.377866920970646], [16.3485175413987, 50.380652614190396], [16.352542640121364, 50.37861536140988], [16.360661849935745, 50.37954985586184], [16.364915184976475, 50.373947398134796], [16.363605622944956, 50.37068552699559], [16.368029856468002, 50.36696686089288], [16.365620881629376, 50.36315803534375], [16.36588772055402, 50.35731396564125], [16.36116325843618, 50.35364001088939], [16.362166677437266, 50.3497282186702], [16.364650920046273, 50.34686269406696], [16.37519659563024, 50.342277046386116], [16.38323153527885, 50.32881549315868], [16.39926311510155, 50.319190573331376], [16.40533670324488, 50.32014554177334], [16.410769421267016, 50.324564582589986], [16.43130080816026, 50.32470140476942], [16.436524957190535, 50.32100858345982], [16.437977502043918, 50.31643500124782], [16.443997850697997, 50.31310668556242], [16.448185070074842, 50.30501403768345], [16.464593068757978, 50.295679475549754], [16.46474425992233, 50.292951904332135], [16.46812915959004, 50.29020685620547], [16.466675133465632, 50.28687495292169], [16.480122432449683, 50.27706017400912], [16.481936169394366, 50.271415580074084], [16.48695070212449, 50.2707625388635], [16.489733441363892, 50.264233348135775], [16.493721057966404, 50.26351214787298], [16.497487253360546, 50.25983827828429], [16.506259442335363, 50.26028675800497], [16.50809895973414, 50.25762687467181], [16.50671507628995, 50.25547838201106], [16.508469128793013, 50.25275191534432], [16.514329153666775, 50.251618096871], [16.512823373249393, 50.247424734818274], [16.517019673500887, 50.24328426942533], [16.52287239292059, 50.23935621747045], [16.529192418307904, 50.23759738403525], [16.537461193052252, 50.23904122013141], [16.540616022819837, 50.233831637187414], [16.545244013335097, 50.230028582924064], [16.548310745288404, 50.22976278264893], [16.55119671958531, 50.22304043416793], [16.557353180434824, 50.220380329210876], [16.55675804904895, 50.217053051742546], [16.553429670651, 50.21496566339508], [16.55819366835773, 50.213519771170986], [16.558487515275907, 50.21009228935141], [16.56169180709229, 50.20761326697912], [16.561265859478684, 50.20545512084675], [16.555972347819573, 50.20312836060508], [16.556988918133378, 50.199547666251526], [16.554392219062787, 50.196215679268995], [16.558877250836584, 50.18911750695014], [16.557101327638772, 50.184840496819845], [16.560442966920146, 50.184113781291444], [16.563813911472607, 50.17984444186249], [16.558198306272672, 50.17388716271822], [16.56111724305455, 50.16387826480922], [16.5783593163192, 50.15768438556084], [16.57783094804422, 50.15526087262698], [16.58541626316944, 50.15227407245215], [16.580202325271298, 50.14864567945438], [16.584672799070702, 50.14565177829134], [16.580081364079604, 50.14241898611586], [16.589371081052064, 50.14009749081097], [16.595319209390023, 50.14047047485897], [16.60350698765928, 50.13401032117026], [16.61142387091062, 50.1328332894863], [16.61353065409619, 50.13143673307584], [16.613964696759034, 50.12511305329273], [16.625172377221087, 50.1210222356812], [16.633607422191407, 50.111339555794565], [16.641269703509824, 50.11217270636301], [16.653495175438962, 50.10978913662341], [16.678048534206873, 50.10377483633864], [16.688713226255565, 50.09860995714582], [16.70602829485939, 50.09658344989801], [16.723882010096514, 50.10524657710455], [16.729075463017022, 50.11688015463849], [16.73376872674139, 50.120168102007845], [16.74504150533891, 50.13472374511321], [16.750874557311022, 50.13533789760097], [16.755350000371603, 50.13393831930359], [16.767764936164607, 50.14017170200299], [16.782763133520035, 50.14511366267397], [16.781620039574964, 50.151332572745495], [16.790444722189314, 50.15686011955366], [16.79735999586632, 50.16565543134877], [16.800679112365938, 50.180110635849175], [16.805414801644663, 50.18273249195994], [16.812988933003002, 50.191404501159795], [16.816789399031745, 50.19208455758073], [16.82285398053691, 50.188665684372], [16.825868837300742, 50.19460495981161], [16.83588991397269, 50.197929204098294], [16.834740945611543, 50.20100347278105], [16.836539223736118, 50.20307952005591], [16.848631137219378, 50.20764371196259], [16.8514475919596, 50.204791733475574], [16.86188539930512, 50.201102820322866], [16.863256124333457, 50.19812067852647], [16.87163049155657, 50.196964378804076], [16.881922272261786, 50.19955583600959], [16.884734799846346, 50.20368936306117], [16.885029765479306, 50.2130593560879], [16.888772958777576, 50.21627486573974], [16.89808288187179, 50.21859120865362], [16.898645654861507, 50.22265939066777], [16.91738244145029, 50.226195065161825], [16.923488421725594, 50.22548100050505], [16.928848603368845, 50.222799674289035], [16.94476575867183, 50.2230152332305], [16.94980783057649, 50.221320611984645], [16.955955177960295, 50.22252627953544], [16.95844767902028, 50.22610274994994], [16.965845990754726, 50.229788877576475], [16.961134288749367, 50.23526659686703], [16.962765664509924, 50.238668411305284], [16.975922825665158, 50.24481732015542], [16.98036461247459, 50.24164055078762], [16.982128437215984, 50.233766000304804], [16.99223019406467, 50.22681685044758], [16.998543890098535, 50.215882382381984], [17.014513136649807, 50.219255540725726], [17.02125386095863, 50.226461844585074], [17.02831605466962, 50.22999048645397], [17.01530222792, 50.24043850555878], [17.011524941955386, 50.241373325428256], [17.010813336329644, 50.24922796663606], [17.003292680731107, 50.252981015193896], [17.00155461643474, 50.25639681799861], [17.009853079556194, 50.260254744849796], [17.01655512626793, 50.267341618828674], [17.020048591529342, 50.2782625175316], [17.009019105675765, 50.2952913024944], [17.003707295804364, 50.29630466911988], [17.00264050487841, 50.30211847913446], [17.00063214630575, 50.30307553868582], [16.993448872289115, 50.3023561924892], [16.973530938280398, 50.30818066735613], [16.968267089034143, 50.31592762702429], [16.96200747940635, 50.31424605980055], [16.961019504723172, 50.31256539735192], [16.95585406109699, 50.31222295642717], [16.946143002938094, 50.31538924575135], [16.946235324705402, 50.31783688654786], [16.940720878320793, 50.31978922104946], [16.93442416547016, 50.329862852078904], [16.938471102772812, 50.33310655901386], [16.936487522157762, 50.337828484284955], [16.93748662470101, 50.34221414883854], [16.929835941230166, 50.34582408965099], [16.919354698319168, 50.36021810175666], [16.915373974415214, 50.36298161242869], [16.91957401757313, 50.36896836273595], [16.914361902795797, 50.37995178821646], [16.915065491133042, 50.382472366638325], [16.910172363021008, 50.385181237383385], [16.910974704809473, 50.38903709558914], [16.90709712985664, 50.39131407951388], [16.899028476580057, 50.38959773376057], [16.890169276132333, 50.39673891790883], [16.872186934829134, 50.402899960931585], [16.863766396463504, 50.408903148870635], [16.860327787499635, 50.40775060543946], [16.860780855532823, 50.41150583756835], [16.86958250708793, 50.41708249804455], [16.86922717195265, 50.42250651315587], [16.875818572849788, 50.428186546918894], [16.87556884528911, 50.43263641731337], [16.880726148014386, 50.436161367902365], [16.881174056879058, 50.44244100490842], [16.88671177044254, 50.444189932698904], [16.89318265903458, 50.44338081811891], [16.898505115853652, 50.447716589869], [16.907904425120922, 50.4494496759891], [16.91758471880311, 50.44459070279941], [16.92194493367513, 50.44049791034136], [16.946071011892776, 50.43397532769777], [16.963381399836727, 50.42603485697509], [16.971237073924723, 50.421366853691985], [16.974015550016897, 50.41775646135422], [16.983380910153617, 50.42008040444329], [16.998295881750444, 50.427750718474776], [17.006159905482463, 50.42448880050682], [17.013532171137506, 50.41858406665571], [17.018343665450026, 50.421414822863916], [17.02427579590865, 50.4214746856434], [17.029765082938244, 50.41538564096973], [17.03792173194731, 50.414847841327045], [17.052537307545208, 50.40696130512571], [17.06839251013532, 50.405704602989445], [17.08233921974389, 50.40199625475164], [17.085141607452716, 50.40578599264509], [17.102004601147495, 50.406198640931514], [17.110752296321607, 50.4049630233481], [17.111111834546403, 50.393689663736865], [17.123536781821294, 50.394081706993475], [17.14333349597577, 50.38042169222519], [17.152101917366778, 50.381546040253625], [17.157223781388875, 50.38007025636851], [17.162524417661185, 50.38365905870364], [17.179477657031907, 50.386159417086105], [17.18404120513231, 50.38995660585687], [17.203269007187544, 50.38635947305591], [17.199118737620307, 50.37507862975912], [17.201146157088964, 50.36401633009002], [17.21305269574053, 50.35754485129024], [17.224627853177505, 50.34521452734294], [17.242093356595163, 50.33727719206376], [17.247327642623542, 50.33207491273241], [17.264300214120873, 50.32801902778122], [17.27401906756914, 50.32182804314928], [17.28205522805427, 50.31900569521172], [17.291565174774746, 50.31755833709278], [17.30345586981406, 50.32013883444662], [17.310672525111535, 50.320163590992365], [17.32779691073411, 50.32709951060059], [17.34866505134103, 50.32835074042456], [17.35003244669449, 50.325343514009305], [17.348230239320173, 50.322796212951715], [17.340492899045188, 50.3226817704438], [17.33751083511875, 50.313063429966626], [17.348622106355513, 50.31179248278837], [17.35368334258912, 50.308043409801925], [17.345989070983393, 50.297831008605], [17.34471819142012, 50.291296215840866], [17.348198652048783, 50.28743787045472], [17.3377374286298, 50.28347369344991], [17.3438052898202, 50.27936708202791], [17.34322989241935, 50.27480544442598], [17.3462689758772, 50.26755401877179], [17.350301163075496, 50.263807547915086], [17.35804192287142, 50.26529347645418], [17.362538550152657, 50.264328869803954], [17.36248850370848, 50.276400522174015], [17.36612670727502, 50.28205782444409], [17.38620539845696, 50.28288023786482], [17.40083146072395, 50.27959207014154], [17.406873169526303, 50.27393059788652], [17.420673855459565, 50.277423098704595], [17.43118901838933, 50.26305463331849], [17.427684402822734, 50.25864495267506], [17.429692701342095, 50.25417602474893], [17.438234518316847, 50.25166226485214], [17.454914753717045, 50.25681233143259], [17.45715110726396, 50.260344355716384], [17.456188919147216, 50.26969435370559], [17.463471979386274, 50.26705477804684], [17.46869312536256, 50.26956694164916], [17.47182439259554, 50.269169161932815], [17.495592804168005, 50.27508911436391], [17.518406349916642, 50.27412187172405], [17.524458075806624, 50.27500870969653], [17.52577690166209, 50.27359419423638], [17.541853253802394, 50.27035764136566], [17.559812455318557, 50.271363258521646], [17.5632015774951, 50.27029422221591], [17.571871626839034, 50.27466483598101], [17.578550679072126, 50.27584886704518], [17.580730679868804, 50.277919425949975], [17.591886394179106, 50.278953784082546], [17.59763590416482, 50.274843498838784], [17.598051988131758, 50.270667269025424], [17.602638618166097, 50.26987075157505], [17.605443934403866, 50.26711889645407], [17.612098469912024, 50.2660079610295], [17.6384365174735, 50.273690875784325], [17.641690382838227, 50.276121636976164], [17.65075814024169, 50.27776478962039], [17.657833843762834, 50.284889487153464], [17.664123818896375, 50.28700906990024], [17.668599454766102, 50.29116186021926], [17.675649722424836, 50.29215884037585], [17.680802103158438, 50.29699380814827], [17.68600045564477, 50.299054452616666], [17.689124124553132, 50.30186057959678], [17.68710427975575, 50.305747649806165], [17.689001056215577, 50.31559315503803], [17.686926383801183, 50.32797652521826], [17.709752249745492, 50.32345713806179], [17.71902296639282, 50.320269616615874], [17.72248805569944, 50.31769623022286], [17.72882281305552, 50.30329603186953], [17.733293028852465, 50.3035086598306], [17.737670734908914, 50.30123882541857], [17.74084807946711, 50.30196105856903], [17.744920674696093, 50.30034545709289], [17.745505171182476, 50.30151569312902], [17.74964969891068, 50.301164619550896], [17.752052084132057, 50.29952180123146], [17.75171803542982, 50.29746619228019], [17.74851014852401, 50.29669629447335], [17.747832298703457, 50.29309539542449], [17.742951791504456, 50.291044767992275], [17.734641381527048, 50.27757843548224], [17.725875432626168, 50.272818599885206], [17.72495439026044, 50.25675032880441], [17.764977264834926, 50.23639108389745], [17.756557294039872, 50.2214498330913], [17.759997711816343, 50.21656242860956], [17.7574930720667, 50.2105880575706], [17.758462784965978, 50.206571910063246], [17.74805647043017, 50.205277639910754], [17.74113897834776, 50.20205889835207], [17.73461638096727, 50.20249154116041], [17.72422087711297, 50.20658199234492], [17.71736847693959, 50.2056980127012], [17.717335368859064, 50.20244930569017], [17.709989828886844, 50.199199255808665], [17.71069813522312, 50.19198490536881], [17.70427033122359, 50.18970772212844], [17.70594149481267, 50.18641489053271], [17.70466055637538, 50.18490389220409], [17.68359709778576, 50.18161259578353], [17.679444139202104, 50.182935625729854], [17.665769758796763, 50.177845297063286], [17.64331953962003, 50.1761658548638], [17.636857758241266, 50.173762230730816], [17.630674541473905, 50.173456645706786], [17.625701486313226, 50.16918637578317], [17.61970580658802, 50.17116112652344], [17.604440937804625, 50.17092709142142], [17.6011565514441, 50.169626333360554], [17.592688028626547, 50.15997636505878], [17.60581217616336, 50.14896604670284], [17.61088399172617, 50.14003763319735], [17.616703330975948, 50.139224497303076], [17.6173501897331, 50.13732478612464], [17.64025833644182, 50.13073423142859], [17.644821502765897, 50.12467178949373], [17.64375672209013, 50.12269926729572], [17.650344866566716, 50.11080635126192], [17.661982719880797, 50.1086871628312], [17.676661725447513, 50.10302362263791], [17.683272098771297, 50.11730840317612], [17.696841036774057, 50.11699269189184], [17.70513069879157, 50.114405662142616], [17.71829396026315, 50.10607021269656], [17.730881327442027, 50.09716105255034], [17.729500358872787, 50.08793529153332], [17.738247321024435, 50.082407396441994], [17.740062800986827, 50.0827502123538], [17.74031504453168, 50.08085857249501], [17.743081456724944, 50.08134724615383], [17.748916596238494, 50.07883211618415], [17.749183889648446, 50.07600512893389], [17.752447747013118, 50.07421791866904], [17.75094606533368, 50.07325354827671], [17.752442496706006, 50.06965365818927], [17.75675899574322, 50.06854631932517], [17.75619320918904, 50.067108269407555], [17.758966514533597, 50.067648576098215], [17.756384566971406, 50.06553692861138], [17.759533665856896, 50.06433416956123], [17.754879118742135, 50.06253591948739], [17.75545981299315, 50.06082937777184], [17.75837157638838, 50.059764258370784], [17.756919512764235, 50.05837702863575], [17.760966702017978, 50.058867518707444], [17.76134488566037, 50.05692352828794], [17.76417907226714, 50.05601381953985], [17.762043689063425, 50.05574170217436], [17.761522105265815, 50.053480301045894], [17.766805460271765, 50.0510030052301], [17.76913374629398, 50.05149049710971], [17.768931858732596, 50.04911295631368], [17.771426632375043, 50.04863184806897], [17.77060081282455, 50.043898385503105], [17.773276824866326, 50.04235486604889], [17.76926775576739, 50.037751508905], [17.76980220698218, 50.035261035581044], [17.775163318735043, 50.03509567404721], [17.777131719409883, 50.03108114611405], [17.77652901293646, 50.02837737727588], [17.771765905590048, 50.02522743932789], [17.777574222338465, 50.02020085744304], [17.785161701232056, 50.02021047658082], [17.788678903102525, 50.01732506428042], [17.792386100721917, 50.019125926291096], [17.79502345150266, 50.017704583538695], [17.795051976435573, 50.01445750036778], [17.79814630049245, 50.013500137943794], [17.827691460231375, 50.01130345239342], [17.836859745193166, 50.00360783096957], [17.826372556520482, 49.994006701426486], [17.83403181289816, 49.989808914108046], [17.837659660275033, 49.992352379289585], [17.842826193138094, 49.986804415845405], [17.850351215807905, 49.98678507246766], [17.85119783425801, 49.98266822704786], [17.854504602496082, 49.98276686188042], [17.856725562924684, 49.97986129461962], [17.861494444721526, 49.980648160848546], [17.868498864196972, 49.972488121566705], [17.88950727405584, 49.98008389055767], [17.909157842943706, 49.97650930135946], [17.92284905191657, 49.97874980254538], [17.930069669602247, 49.98661861194708], [17.954044627310484, 50.005065824667774], [17.961855096796604, 50.00498030582824], [17.96551174812186, 50.00824572054017], [17.969831148148458, 50.00887782584504], [17.983282144453604, 50.00507770280876], [17.989271109077908, 50.013534124363375], [18.004636347367846, 50.018358794581715], [18.00746405061188, 50.01069716260503], [18.035298975864105, 50.01100598747685], [18.037101078716876, 50.008600955210774], [18.04546405577617, 50.005124122596094], [18.045708934828234, 50.01028818865678], [18.04091370423072, 50.013601637340244], [18.042470848353986, 50.01571736357969], [18.046313417746887, 50.01588366998001], [18.046995776965957, 50.01938060925009], [18.042932112834308, 50.02203760207302], [18.04901942964987, 50.02742524487167], [18.04438200957122, 50.03660430921704], [18.024742797744434, 50.03875817750309], [18.024597538975364, 50.03656585937641], [18.022205896174096, 50.03614251976598], [18.017841845926892, 50.03143899938279], [18.01310545332306, 50.030237420801974], [18.00882471063748, 50.03128254792268], [18.004073846142283, 50.038992073588766], [18.006645515084767, 50.04471173097374], [18.005156854999147, 50.05349211020267], [18.01199650029253, 50.05471930708832], [18.020860248335307, 50.060918769490954], [18.03360652536718, 50.06601822446664], [18.040835938136034, 50.062953549133496], [18.046074435063137, 50.06258370242023], [18.049833629841253, 50.05836901061542], [18.06171752296085, 50.05918021362296], [18.063778896816068, 50.05273362882417], [18.067590799096667, 50.053129427168756], [18.065931157039536, 50.04809186841882], [18.077363655907707, 50.045643548297946], [18.08593308796851, 50.04594969006907], [18.089362279961243, 50.04411667508765], [18.08561930286339, 50.03196811685522], [18.103151477017324, 50.02260139230381], [18.093285130669337, 50.01499439955314], [18.094672528452648, 50.012094421407745], [18.10478171428482, 50.00091567190662], [18.115475477925116, 49.99672488654836], [18.116975054872725, 49.99415047344547], [18.13112941543533, 49.99806841530855], [18.13437242142271, 49.99742405986262], [18.136069569100485, 49.9939036011907], [18.146941372998665, 49.991616267486336], [18.153838216775526, 49.982367016629304], [18.1690092203005, 49.986447616785284], [18.17199961352318, 49.99000798325276], [18.16811996890996, 49.993860732503016], [18.16798283624923, 49.998512480509255], [18.17383518791533, 49.99856495018308], [18.17313181263772, 50.000286882507815], [18.182999130225742, 50.00039163857224], [18.190088442538947, 49.99877131097201], [18.19322371222497, 49.994518412019104], [18.206572719537547, 49.997933036020086], [18.213834786672855, 49.98612792327674], [18.214287222756333, 49.97200304142832], [18.221625120962834, 49.967653729207164], [18.236398330399435, 49.971045056878715], [18.276308755431945, 49.96463224763309], [18.281835393967313, 49.95054495323364], [18.27920807931913, 49.94006062883299], [18.282645106654698, 49.93913407439556], [18.281711743227557, 49.937152642706586], [18.28968923973744, 49.92872502887605], [18.299031424617596, 49.92872635220315], [18.30067338415819, 49.92523972390228], [18.299118244987255, 49.92380752750103], [18.314956005703188, 49.91879148139173], [18.317946385413407, 49.91567321782446], [18.322376907135013, 49.91631021774323], [18.329872018914273, 49.92330084515786], [18.330380883121435, 49.93058819682707], [18.333519106706813, 49.930250770380155], [18.333744410869343, 49.92721957858233], [18.3400952740163, 49.92565490042871], [18.344845155866214, 49.929829234238234], [18.350022817128735, 49.92959372360344], [18.34084086909664, 49.93210626875909], [18.34195097928691, 49.93469543610307], [18.34980998508936, 49.93381633638024], [18.351666723417623, 49.93537885494805], [18.346414046346595, 49.940209412643], [18.34065934907535, 49.93836490786671], [18.33487310494594, 49.93997054084865], [18.332958623210327, 49.94938184334297], [18.33744885821241, 49.94599132062376], [18.356021159602932, 49.94406326585048], [18.35978197260481, 49.94079619485122], [18.36432382608799, 49.940293526811715], [18.366739182590912, 49.937165916153624], [18.373881934553907, 49.93723534336961], [18.376980895596123, 49.93560491018808], [18.397662022810035, 49.93425927514463], [18.421434078400154, 49.93859426274073], [18.43075185518544, 49.93815609025378], [18.432872475364142, 49.92816133976229], [18.437634305306723, 49.92829808692649], [18.445458522791675, 49.923016125911936], [18.463271391803104, 49.922314778274426], [18.467024475736334, 49.91608692994889], [18.48299976666303, 49.910791488244826], [18.48508153352737, 49.90638648357681], [18.490515046042706, 49.90521511043962], [18.4914653341095, 49.90324969500706], [18.495531065994697, 49.90632300100953], [18.498084790914447, 49.90300821726891], [18.499862242096913, 49.904895850896516], [18.501295759612738, 49.90323228884686], [18.50468466891736, 49.90349240290789], [18.50356732701594, 49.90253314911127], [18.505491766225468, 49.90182090197063], [18.505424873150613, 49.90306246867502], [18.50804906108324, 49.90207422958541], [18.514416061707166, 49.90296380027858], [18.52199868044806, 49.901414463703254], [18.52153189813692, 49.900082642278235], [18.523662661109903, 49.89948919465178], [18.526537961224342, 49.90110667620814], [18.52828318876967, 49.89954082554415], [18.528950146731283, 49.90102887186873], [18.52987201097565, 49.89968738726553], [18.534369830473512, 49.899599636694155], [18.535066925285914, 49.9019756899161], [18.53849146169354, 49.90259997799127], [18.547074779594585, 49.909145348714695], [18.539876791380475, 49.91204178816118], [18.540451760440188, 49.919760824209924], [18.543027834766217, 49.922439809776165], [18.539379617681668, 49.92567972363974], [18.544889939107758, 49.92583434428777], [18.55969665645874, 49.917881083603426], [18.573711138140744, 49.92115540458], [18.57617482916573, 49.91327327968149], [18.57373487663347, 49.912464659400975], [18.575707202410022, 49.91041038856764], [18.57370001407304, 49.90778355297636], [18.58006187481698, 49.90554419959679], [18.57086728010158, 49.891669938886196], [18.573487225897658, 49.887931579271886], [18.569974311339447, 49.884280278708104], [18.56602720904804, 49.88314621026952], [18.56566839520917, 49.8806635685621], [18.571413802112737, 49.8759634449175], [18.569585325302914, 49.87343814647863], [18.579621407055413, 49.869358766323906], [18.580235971906685, 49.866783352914815], [18.590358321095824, 49.86760881395084], [18.599117726620623, 49.86629404008482], [18.605726071619163, 49.861593974331605], [18.603875956648334, 49.857109063725034], [18.59184844784428, 49.856037477751734], [18.588976999670546, 49.85286755524186], [18.583710462131737, 49.85230068635708], [18.589617404510072, 49.84576723131552], [18.569427309220657, 49.83439182382897], [18.568919808181477, 49.829194642182244], [18.5823443923727, 49.81797292483874], [18.582442172968623, 49.80989526638271], [18.58530031629228, 49.80485025664938], [18.592943506658493, 49.80174002399761], [18.592818936440374, 49.79772433504594], [18.599951965523715, 49.789353875584844], [18.597287413799886, 49.78433659897939], [18.602561126806997, 49.780879318304336], [18.604751695214848, 49.77475154633542], [18.61045740117693, 49.770677250062185], [18.61445301861049, 49.761324101212196], [18.613377414965875, 49.755096393464285], [18.616219470611004, 49.75277216511693], [18.625737107302438, 49.75036976733278], [18.629208553917177, 49.74708725871217], [18.626228884401133, 49.72981409469458], [18.628854031962213, 49.72612220301693], [18.625212586656904, 49.722376608966606], [18.62948240976002, 49.721843124333574], [18.63030799872834, 49.71968463524942], [18.636336606474348, 49.717131037702124], [18.636199849027395, 49.71496600818376], [18.64170260828962, 49.71228710708836], [18.652318983361152, 49.710993346675195], [18.652587815578027, 49.707621010330996], [18.658612046447754, 49.71082768306618], [18.666893576453415, 49.709656044280656], [18.6682280876544, 49.703436317949134], [18.67801610644683, 49.705828648672245], [18.680964586366212, 49.703757910983036], [18.693664847167245, 49.70659652733066], [18.709560408819005, 49.70449236511637], [18.707672241480868, 49.702287124377264], [18.711496516300112, 49.69969281927666], [18.709251714236544, 49.69542655924042], [18.714874244384333, 49.69610100816499], [18.71460207853602, 49.69170550730496], [18.717953375758857, 49.68765334687576], [18.71707196915703, 49.68351140735294], [18.72329287353463, 49.682696174558274], [18.729790238225917, 49.68419375164969], [18.73813573584577, 49.68083982726788], [18.740977599812126, 49.676543845472125], [18.751172303737196, 49.676892583910096], [18.764158309740765, 49.68463141176901], [18.766762850593075, 49.68225765712593], [18.77386838410249, 49.682818832136185], [18.780638090382272, 49.6853574893859], [18.793886610861215, 49.67935381294565], [18.805645846414414, 49.67796702314554], [18.81009766298182, 49.67224794421281], [18.80665620254825, 49.66567211199846], [18.809290722701572, 49.65755014731377], [18.806345312469197, 49.65128314583724], [18.8134097651534, 49.63981543550146], [18.81295964976764, 49.63434727189978], [18.817191980951584, 49.631632108318954], [18.82025493226702, 49.624198192513674], [18.81880401287963, 49.61855730224694], [18.824261835289363, 49.6144555663283], [18.823081752944077, 49.605525393948646], [18.824732152211393, 49.60019156781314], [18.82929396353329, 49.594939000097696], [18.83908379783384, 49.59531684387767], [18.835369814657312, 49.58666505684097], [18.83170456567845, 49.5841335010212], [18.8349391936369, 49.57713053942427], [18.833221932957468, 49.57341429775813], [18.837553882362403, 49.56917099776308], [18.8372135035485, 49.56305947596375], [18.83923416708228, 49.56081155398925], [18.84559046430854, 49.56087895309188], [18.84885247201553, 49.55849619516503], [18.84928628278039, 49.55431454068786], [18.859256887963504, 49.550585270085996], [18.85745481085746, 49.537925486426154], [18.849779652424264, 49.534424086493964], [18.847155525562293, 49.535542593500594], [18.844098930637657, 49.534089155674245], [18.844702100228044, 49.5282367799494], [18.837236721682416, 49.52363487555659], [18.843014151707997, 49.51854129088661], [18.851503631014534, 49.51809259396938], [18.840214721411975, 49.5149191007927], [18.81665010320205, 49.516342138301646], [18.8081498608557, 49.515259695800744], [18.799742971965742, 49.50933138997726], [18.788815961472476, 49.50865794547507], [18.77917483311567, 49.504997299757385], [18.75448553496982, 49.488382533255766], [18.749675223406605, 49.4901965053644], [18.7439026395477, 49.488675050512754], [18.73491099135972, 49.49038805787655], [18.72039567376655, 49.50010026129136], [18.715171408551033, 49.499783584516415], [18.711956305504398, 49.50225121734713], [18.701399531571266, 49.50150839950279], [18.69758221319309, 49.49961707230595], [18.687925961728375, 49.50073603442971], [18.68339336362947, 49.50600238632006], [18.677828402563367, 49.50762819177193], [18.670903954656886, 49.50615300315307], [18.670286497007027, 49.50433220187642], [18.66439478837349, 49.50233279614099], [18.654894713817058, 49.503143654563814], [18.651348644619897, 49.50109425095971], [18.64233123628413, 49.5007894496374], [18.639083415529807, 49.49617517140784], [18.631545630377264, 49.49872785885434], [18.617750019240738, 49.49506203944603], [18.60284268145679, 49.4970757490385], [18.601171516717418, 49.49905980229795], [18.60191064445791, 49.506852905792506], [18.597256223098842, 49.51023774276093], [18.58086794786055, 49.50628097097575], [18.573092275252314, 49.50832052999964], [18.568872387151377, 49.5076682122745], [18.55291036630412, 49.503127628103364], [18.55154197011628, 49.50102151157936], [18.545751667360353, 49.500509987612716], [18.541636113514468, 49.492705837771716], [18.53458391558867, 49.49009427468945], [18.534197694336417, 49.485343475918405], [18.542319285911958, 49.47757917124327], [18.543372594727646, 49.47310750945804], [18.546900318812803, 49.471395213263584], [18.54795419339149, 49.46786294028368], [18.543913520604534, 49.465042435742625], [18.53625883776669, 49.46442144429365], [18.532733088509136, 49.4581228416097], [18.524804915276388, 49.456481772229964], [18.522962446784273, 49.449233109909386], [18.516753052959473, 49.44841281759741], [18.505304247694916, 49.44290059822649], [18.500927108247, 49.43581679511627], [18.49558573128331, 49.43589295166463], [18.48996740428989, 49.43317926692337], [18.494695586908122, 49.429767865665944], [18.49411155550833, 49.42818414980152], [18.48195079395674, 49.4239075597225], [18.48164011711567, 49.4208292328458], [18.476461899437915, 49.41670235292261], [18.477821670420433, 49.411679038499024], [18.475695000339154, 49.40854776642479], [18.456352517360152, 49.40297489609068], [18.449386831878407, 49.39743884599056], [18.449959504075064, 49.39350354204157], [18.433230838954668, 49.39280158075472], [18.411948692000237, 49.3990810440023], [18.403664511197633, 49.396692304113486], [18.408919334529344, 49.389897306826256], [18.411881245137785, 49.37855272911768], [18.410634486852157, 49.37648143168929], [18.415569975552334, 49.36755057969612], [18.40843244909002, 49.36037324579907], [18.39818172215445, 49.35679777310041], [18.404258457680566, 49.350230816121154], [18.394511964316983, 49.34827769939364], [18.388035220268268, 49.34319454506616], [18.3789217736608, 49.33054722565205], [18.3656754235229, 49.324417394821594], [18.32667144014484, 49.318209190545325], [18.31671892215928, 49.31309713189405], [18.301090459355926, 49.31002352319601], [18.303137583787134, 49.30592659790241], [18.298381996790006, 49.30466616426794], [18.279743346101974, 49.30363587718809], [18.248116041960014, 49.29474204986178], [18.24098879203044, 49.2944189582676], [18.2386587072005, 49.295522744961055], [18.227662835402604, 49.29409307837364], [18.222023199368866, 49.295390856284214], [18.219348243394464, 49.2930787216786], [18.213386622805427, 49.29376780357365], [18.208447937305483, 49.29169546369504], [18.204241776471065, 49.29348581738066], [18.197467367446272, 49.28954928319353], [18.192042524667443, 49.29000909994359], [18.184028672483983, 49.28699781866388], [18.18594723168362, 49.280922571493946], [18.184266995377474, 49.26983374875477], [18.171746757141154, 49.26298848013879], [18.162547039174758, 49.26064273824721], [18.161275993189296, 49.25508224191075], [18.1524749343212, 49.25225542760311], [18.147195003267292, 49.248421942891866], [18.14777169806743, 49.23562641571916], [18.144408654878877, 49.22923680375473], [18.156274875480797, 49.22954208624235], [18.152670395229972, 49.21960380890043], [18.15491411689413, 49.21615305029055], [18.148171279484576, 49.21499509021891], [18.149370461828262, 49.20506723323809], [18.147144194569318, 49.20489177268803], [18.141360196229964, 49.19608506284282], [18.130847281025595, 49.18879185911872], [18.12992468500917, 49.16844967146453], [18.136718115153382, 49.161020780970475], [18.132011106337128, 49.15957784961697], [18.128211682747544, 49.155277988429965], [18.118775858604522, 49.152761438642585], [18.117225399808987, 49.15078376314723], [18.118409888642642, 49.14349690741739], [18.113980655504676, 49.14198672762308], [18.107712166207133, 49.13501488324089]]]]}}]}